{
  "accuracy": 0.5070782259487343,
  "per_class": {
    "proton": {
      "precision": 0.6667350948708173,
      "recall": 0.6930557249115962,
      "f1": 0.6796406738113389,
      "support": 32804.0
    },
    "helium": {
      "precision": 0.40728462748098093,
      "recall": 0.3564308562076917,
      "f1": 0.3801646335416047,
      "support": 26886.0
    },
    "carbon": {
      "precision": 0.37622816593886466,
      "recall": 0.3748470428280082,
      "f1": 0.37553633453653884,
      "support": 22065.0
    },
    "silicon": {
      "precision": 0.3995067817509248,
      "recall": 0.3805147058823529,
      "f1": 0.38977953291314693,
      "support": 19584.0
    },
    "iron": {
      "precision": 0.5931509488488584,
      "recall": 0.6962347354138398,
      "f1": 0.6405721716514955,
      "support": 17688.0
    }
  },
  "macro_f1": 0.4931386692908249,
  "weighted_f1": 0.502122469417848,
  "confusion_matrix": [
    [
      22735,
      6882,
      2490,
      545,
      152
    ],
    [
      9777,
      9583,
      5337,
      1682,
      507
    ],
    [
      1471,
      5791,
      8271,
      4696,
      1836
    ],
    [
      109,
      1172,
      4899,
      7452,
      5952
    ],
    [
      7,
      101,
      987,
      4278,
      12315
    ]
  ],
  "mean_fraction_error": 0.10838393606393606,
  "fraction_error_details": {
    "mean_fraction_error": 0.10838393606393606,
    "per_class_fraction_error": [
      0.08605734265734266,
      0.12796383616383616,
      0.1256953046953047,
      0.12294045954045954,
      0.07926273726273726
    ],
    "n_ensembles": 1001,
    "mixture_size": 5000,
    "grid_step": 0.1
  },
  "energy_binned": {
    "14.0-15.0": {
      "accuracy": 0.606379651829459,
      "count": 9593,
      "confusion_matrix": [
        [
          4390,
          227,
          66,
          51,
          47
        ],
        [
          1312,
          275,
          138,
          95,
          106
        ],
        [
          201,
          208,
          141,
          146,
          238
        ],
        [
          31,
          78,
          128,
          209,
          449
        ],
        [
          4,
          16,
          65,
          170,
          802
        ]
      ],
      "fraction_error": {
        "mean_fraction_error": 0.1526606993006993,
        "per_class_fraction_error": [
          0.17393846153846151,
          0.15663316683316686,
          0.1545924075924076,
          0.13957362637362636,
          0.13856583416583418
        ],
        "n_ensembles": 1001,
        "mixture_size": 5000,
        "grid_step": 0.1
      }
    },
    "15.0-15.5": {
      "accuracy": 0.48197233104799214,
      "count": 65344,
      "confusion_matrix": [
        [
          12385,
          4147,
          1506,
          316,
          80
        ],
        [
          5884,
          5583,
          3094,
          978,
          285
        ],
        [
          1029,
          3539,
          4353,
          2422,
          998
        ],
        [
          73,
          836,
          2779,
          3575,
          2933
        ],
        [
          3,
          72,
          645,
          2231,
          5598
        ]
      ],
      "fraction_error": {
        "mean_fraction_error": 0.11270793206793207,
        "per_class_fraction_error": [
          0.09019980019980019,
          0.13237042957042955,
          0.13146693306693302,
          0.12816543456543458,
          0.08133706293706293
        ],
        "n_ensembles": 1001,
        "mixture_size": 5000,
        "grid_step": 0.1
      }
    },
    "15.5-16.0": {
      "accuracy": 0.5113850572993028,
      "count": 33421,
      "confusion_matrix": [
        [
          4434,
          1914,
          718,
          153,
          24
        ],
        [
          1948,
          2828,
          1592,
          501,
          105
        ],
        [
          205,
          1595,
          2775,
          1652,
          512
        ],
        [
          5,
          210,
          1524,
          2689,
          1970
        ],
        [
          0,
          12,
          239,
          1451,
          4365
        ]
      ],
      "fraction_error": {
        "mean_fraction_error": 0.10528055944055945,
        "per_class_fraction_error": [
          0.08297202797202798,
          0.1225014985014985,
          0.12306913086913085,
          0.12115224775224775,
          0.07670789210789211
        ],
        "n_ensembles": 1001,
        "mixture_size": 5000,
        "grid_step": 0.1
      }
    },
    "16.0-16.5": {
      "accuracy": 0.5558887677208287,
      "count": 7336,
      "confusion_matrix": [
        [
          1106,
          423,
          152,
          20,
          1
        ],
        [
          423,
          632,
          343,
          77,
          11
        ],
        [
          28,
          312,
          708,
          342,
          59
        ],
        [
          0,
          40,
          320,
          635,
          386
        ],
        [
          0,
          0,
          26,
          295,
          997
        ]
      ],
      "fraction_error": {
        "mean_fraction_error": 0.09688199800199801,
        "per_class_fraction_error": [
          0.07806613386613387,
          0.11632547452547452,
          0.11185254745254747,
          0.11235904095904095,
          0.06580679320679321
        ],
        "n_ensembles": 1001,
        "mixture_size": 5000,
        "grid_step": 0.1
      }
    },
    "16.5-17.0": {
      "accuracy": 0.5587079877782628,
      "count": 2291,
      "confusion_matrix": [
        [
          286,
          120,
          33,
          4,
          0
        ],
        [
          136,
          189,
          124,
          16,
          0
        ],
        [
          8,
          95,
          202,
          97,
          17
        ],
        [
          0,
          3,
          107,
          239,
          150
        ],
        [
          0,
          0,
          10,
          91,
          364
        ]
      ],
      "fraction_error": {
        "mean_fraction_error": 0.09752255744255744,
        "per_class_fraction_error": [
          0.07968831168831168,
          0.12132767232767232,
          0.11374645354645353,
          0.10665074925074924,
          0.06619960039960039
        ],
        "n_ensembles": 1001,
        "mixture_size": 5000,
        "grid_step": 0.1
      }
    },
    "17.0-18.0": {
      "accuracy": 0.5715658021133525,
      "count": 1041,
      "confusion_matrix": [
        [
          134,
          51,
          15,
          1,
          0
        ],
        [
          74,
          76,
          46,
          15,
          0
        ],
        [
          0,
          42,
          92,
          37,
          12
        ],
        [
          0,
          5,
          41,
          105,
          64
        ],
        [
          0,
          1,
          2,
          40,
          188
        ]
      ],
      "fraction_error": {
        "mean_fraction_error": 0.09649662337662337,
        "per_class_fraction_error": [
          0.08288351648351648,
          0.12688291708291707,
          0.10384515484515484,
          0.10256483516483518,
          0.0663066933066933
        ],
        "n_ensembles": 1001,
        "mixture_size": 5000,
        "grid_step": 0.1
      }
    }
  }
}