{
  "accuracy": 0.5070782259487343,
  "per_class": {
    "proton": {
      "precision": 0.6667350948708173,
      "recall": 0.6930557249115962,
      "f1": 0.6796406738113389,
      "support": 32804.0
    },
    "helium": {
      "precision": 0.40728462748098093,
      "recall": 0.3564308562076917,
      "f1": 0.3801646335416047,
      "support": 26886.0
    },
    "carbon": {
      "precision": 0.37622816593886466,
      "recall": 0.3748470428280082,
      "f1": 0.37553633453653884,
      "support": 22065.0
    },
    "silicon": {
      "precision": 0.3995067817509248,
      "recall": 0.3805147058823529,
      "f1": 0.38977953291314693,
      "support": 19584.0
    },
    "iron": {
      "precision": 0.5931509488488584,
      "recall": 0.6962347354138398,
      "f1": 0.6405721716514955,
      "support": 17688.0
    }
  },
  "macro_f1": 0.4931386692908249,
  "weighted_f1": 0.502122469417848,
  "confusion_matrix": [
    [
      22735,
      6882,
      2490,
      545,
      152
    ],
    [
      9777,
      9583,
      5337,
      1682,
      507
    ],
    [
      1471,
      5791,
      8271,
      4696,
      1836
    ],
    [
      109,
      1172,
      4899,
      7452,
      5952
    ],
    [
      7,
      101,
      987,
      4278,
      12315
    ]
  ],
  "energy_binned": {
    "14.0-15.0": {
      "accuracy": 0.606379651829459,
      "count": 9593,
      "confusion_matrix": [
        [
          4390,
          227,
          66,
          51,
          47
        ],
        [
          1312,
          275,
          138,
          95,
          106
        ],
        [
          201,
          208,
          141,
          146,
          238
        ],
        [
          31,
          78,
          128,
          209,
          449
        ],
        [
          4,
          16,
          65,
          170,
          802
        ]
      ],
      "fraction_error": {
        "mean_fraction_error": 0.13520632000000002,
        "per_class_fraction_error": [
          0.1698576,
          0.12959140000000002,
          0.12996800000000003,
          0.11858600000000001,
          0.1280286
        ],
        "n_mixtures": 1000,
        "mixture_size": 5000
      }
    },
    "15.0-15.5": {
      "accuracy": 0.48197233104799214,
      "count": 65344,
      "confusion_matrix": [
        [
          12385,
          4147,
          1506,
          316,
          80
        ],
        [
          5884,
          5583,
          3094,
          978,
          285
        ],
        [
          1029,
          3539,
          4353,
          2422,
          998
        ],
        [
          73,
          836,
          2779,
          3575,
          2933
        ],
        [
          3,
          72,
          645,
          2231,
          5598
        ]
      ],
      "fraction_error": {
        "mean_fraction_error": 0.09145456,
        "per_class_fraction_error": [
          0.07575540000000001,
          0.107487,
          0.1054532,
          0.10235939999999999,
          0.0662178
        ],
        "n_mixtures": 1000,
        "mixture_size": 5000
      }
    },
    "15.5-16.0": {
      "accuracy": 0.5113850572993028,
      "count": 33421,
      "confusion_matrix": [
        [
          4434,
          1914,
          718,
          153,
          24
        ],
        [
          1948,
          2828,
          1592,
          501,
          105
        ],
        [
          205,
          1595,
          2775,
          1652,
          512
        ],
        [
          5,
          210,
          1524,
          2689,
          1970
        ],
        [
          0,
          12,
          239,
          1451,
          4365
        ]
      ],
      "fraction_error": {
        "mean_fraction_error": 0.08325096,
        "per_class_fraction_error": [
          0.06619919999999999,
          0.09626679999999999,
          0.0988934,
          0.09312999999999999,
          0.0617654
        ],
        "n_mixtures": 1000,
        "mixture_size": 5000
      }
    },
    "16.0-16.5": {
      "accuracy": 0.5558887677208287,
      "count": 7336,
      "confusion_matrix": [
        [
          1106,
          423,
          152,
          20,
          1
        ],
        [
          423,
          632,
          343,
          77,
          11
        ],
        [
          28,
          312,
          708,
          342,
          59
        ],
        [
          0,
          40,
          320,
          635,
          386
        ],
        [
          0,
          0,
          26,
          295,
          997
        ]
      ],
      "fraction_error": {
        "mean_fraction_error": 0.08012791999999999,
        "per_class_fraction_error": [
          0.062712,
          0.0964222,
          0.0950244,
          0.0918716,
          0.0546094
        ],
        "n_mixtures": 1000,
        "mixture_size": 5000
      }
    },
    "16.5-17.0": {
      "accuracy": 0.5587079877782628,
      "count": 2291,
      "confusion_matrix": [
        [
          286,
          120,
          33,
          4,
          0
        ],
        [
          136,
          189,
          124,
          16,
          0
        ],
        [
          8,
          95,
          202,
          97,
          17
        ],
        [
          0,
          3,
          107,
          239,
          150
        ],
        [
          0,
          0,
          10,
          91,
          364
        ]
      ],
      "fraction_error": {
        "mean_fraction_error": 0.07883544,
        "per_class_fraction_error": [
          0.0641404,
          0.0965678,
          0.0930226,
          0.0856956,
          0.054750799999999995
        ],
        "n_mixtures": 1000,
        "mixture_size": 5000
      }
    },
    "17.0-18.0": {
      "accuracy": 0.5715658021133525,
      "count": 1041,
      "confusion_matrix": [
        [
          134,
          51,
          15,
          1,
          0
        ],
        [
          74,
          76,
          46,
          15,
          0
        ],
        [
          0,
          42,
          92,
          37,
          12
        ],
        [
          0,
          5,
          41,
          105,
          64
        ],
        [
          0,
          1,
          2,
          40,
          188
        ]
      ],
      "fraction_error": {
        "mean_fraction_error": 0.07798920000000001,
        "per_class_fraction_error": [
          0.0661134,
          0.098723,
          0.08226759999999998,
          0.08459,
          0.058252
        ],
        "n_mixtures": 1000,
        "mixture_size": 5000
      }
    }
  },
  "mean_fraction_error": 0.09114406666666665
}