{
  "n_gamma": 1514,
  "n_hadron": 34237,
  "survival_rates": {
    "50%": {
      "threshold": 0.6188264501094818,
      "gamma_efficiency": 0.5,
      "hadron_survival": 0.00029208166603382306,
      "hadron_surviving": 10
    },
    "90%": {
      "threshold": 0.38297728657722474,
      "gamma_efficiency": 0.9002642007926024,
      "hadron_survival": 0.03443642842538774,
      "hadron_surviving": 1179
    },
    "95%": {
      "threshold": 0.2103027814626694,
      "gamma_efficiency": 0.9504623513870541,
      "hadron_survival": 0.3266933434588311,
      "hadron_surviving": 11185
    },
    "99%": {
      "threshold": 0.12981690883636476,
      "gamma_efficiency": 0.9900924702774109,
      "hadron_survival": 0.8072261004176767,
      "hadron_surviving": 27637
    }
  },
  "key_metric": 0.8072261004176767,
  "accuracy_at_0.5": 0.9851752398534307,
  "energy_binned": {
    "14.0-15.0": {
      "threshold": 0.18480824649333955,
      "gamma_efficiency": 0.9914236706689536,
      "hadron_survival": 0.715207898234289,
      "hadron_surviving": 3767,
      "n_gamma": 583,
      "n_hadron": 5267
    },
    "15.0-15.5": {
      "threshold": 0.10153128445148468,
      "gamma_efficiency": 0.9903381642512077,
      "hadron_survival": 0.9195093080813516,
      "hadron_surviving": 17090,
      "n_gamma": 207,
      "n_hadron": 18586
    },
    "15.5-16.0": {
      "threshold": 0.1432459545135498,
      "gamma_efficiency": 0.9902676399026764,
      "hadron_survival": 0.7216307088820398,
      "hadron_surviving": 5151,
      "n_gamma": 411,
      "n_hadron": 7138
    },
    "16.0-16.5": {
      "threshold": 0.15792412877082826,
      "gamma_efficiency": 0.9937888198757764,
      "hadron_survival": 0.877541798463624,
      "hadron_surviving": 1942,
      "n_gamma": 161,
      "n_hadron": 2213
    },
    "16.5-17.0": {
      "threshold": 0.2853728020191193,
      "gamma_efficiency": 0.9912280701754386,
      "hadron_survival": 0.4617524339360223,
      "hadron_surviving": 332,
      "n_gamma": 114,
      "n_hadron": 719
    },
    "17.0-18.0": {
      "threshold": 0.435317770242691,
      "gamma_efficiency": 1.0,
      "hadron_survival": 0.11146496815286625,
      "hadron_surviving": 35,
      "n_gamma": 38,
      "n_hadron": 314
    }
  },
  "zenith_binned": {
    "0-10": {
      "threshold": 0.13934151113033294,
      "gamma_efficiency": 0.9905660377358491,
      "hadron_survival": 0.7945897204688909,
      "hadron_surviving": 4406,
      "n_gamma": 212,
      "n_hadron": 5545
    },
    "10-20": {
      "threshold": 0.1299824273586273,
      "gamma_efficiency": 0.9911190053285968,
      "hadron_survival": 0.8284080784080784,
      "hadron_surviving": 11157,
      "n_gamma": 563,
      "n_hadron": 13468
    },
    "20-30": {
      "threshold": 0.12424963891506197,
      "gamma_efficiency": 0.9905149051490515,
      "hadron_survival": 0.8075305559206203,
      "hadron_surviving": 12289,
      "n_gamma": 738,
      "n_hadron": 15218
    }
  },
  "energy_zenith_grid": {
    "0-10": {
      "14.0-14.5": {
        "threshold": 0.41181427597999576,
        "gamma_efficiency": 1.0,
        "hadron_survival": 0.7804878048780488,
        "hadron_surviving": 32,
        "n_gamma": 62,
        "n_hadron": 41
      },
      "14.5-15.0": {
        "threshold": 0.19166138887405398,
        "gamma_efficiency": 1.0,
        "hadron_survival": 0.5594744121715076,
        "hadron_surviving": 809,
        "n_gamma": 26,
        "n_hadron": 1446
      },
      "15.0-15.5": {
        "threshold": 0.11721272706985474,
        "gamma_efficiency": 1.0,
        "hadron_survival": 0.8501254930082467,
        "hadron_surviving": 2371,
        "n_gamma": 27,
        "n_hadron": 2789
      },
      "15.5-16.0": {
        "threshold": 0.21960155725479127,
        "gamma_efficiency": 1.0,
        "hadron_survival": 0.2648456057007126,
        "hadron_surviving": 223,
        "n_gamma": 60,
        "n_hadron": 842
      },
      "16.0-16.5": {
        "threshold": 0.13934151113033294,
        "gamma_efficiency": 1.0,
        "hadron_survival": 0.9722222222222222,
        "hadron_surviving": 280,
        "n_gamma": 18,
        "n_hadron": 288
      },
      "16.5-17.0": {
        "threshold": 0.2771273696422577,
        "gamma_efficiency": 1.0,
        "hadron_survival": 0.5729166666666666,
        "hadron_surviving": 55,
        "n_gamma": 15,
        "n_hadron": 96
      },
      "17.0-17.5": {
        "threshold": 0.435317770242691,
        "gamma_efficiency": 1.0,
        "hadron_survival": 0.06896551724137931,
        "hadron_surviving": 2,
        "n_gamma": 4,
        "n_hadron": 29
      }
    },
    "10-20": {
      "14.0-14.5": {
        "threshold": 0.46375160455703734,
        "gamma_efficiency": 1.0,
        "hadron_survival": 0.7846153846153846,
        "hadron_surviving": 51,
        "n_gamma": 82,
        "n_hadron": 65
      },
      "14.5-15.0": {
        "threshold": 0.14650816202163697,
        "gamma_efficiency": 0.9919354838709677,
        "hadron_survival": 0.9109947643979057,
        "hadron_surviving": 2262,
        "n_gamma": 124,
        "n_hadron": 2483
      },
      "15.0-15.5": {
        "threshold": 0.10306752055883409,
        "gamma_efficiency": 1.0,
        "hadron_survival": 0.9270273991463582,
        "hadron_surviving": 6733,
        "n_gamma": 86,
        "n_hadron": 7263
      },
      "15.5-16.0": {
        "threshold": 0.1432459545135498,
        "gamma_efficiency": 0.9937888198757764,
        "hadron_survival": 0.7873585641825985,
        "hadron_surviving": 2018,
        "n_gamma": 161,
        "n_hadron": 2563
      },
      "16.0-16.5": {
        "threshold": 0.2869532370567322,
        "gamma_efficiency": 1.0,
        "hadron_survival": 0.20948616600790515,
        "hadron_surviving": 159,
        "n_gamma": 57,
        "n_hadron": 759
      },
      "16.5-17.0": {
        "threshold": 0.539541015625,
        "gamma_efficiency": 1.0,
        "hadron_survival": 0.0,
        "hadron_surviving": 0,
        "n_gamma": 37,
        "n_hadron": 232
      },
      "17.0-17.5": {
        "threshold": 0.667509765625,
        "gamma_efficiency": 1.0,
        "hadron_survival": 0.0,
        "hadron_surviving": 0,
        "n_gamma": 16,
        "n_hadron": 71
      }
    },
    "20-30": {
      "14.0-14.5": {
        "threshold": 0.46939314723014836,
        "gamma_efficiency": 1.0,
        "hadron_survival": 0.8235294117647058,
        "hadron_surviving": 14,
        "n_gamma": 42,
        "n_hadron": 17
      },
      "14.5-15.0": {
        "threshold": 0.24767758965492248,
        "gamma_efficiency": 0.991869918699187,
        "hadron_survival": 0.6235584843492586,
        "hadron_surviving": 757,
        "n_gamma": 246,
        "n_hadron": 1214
      },
      "15.0-15.5": {
        "threshold": 0.09834739327430725,
        "gamma_efficiency": 1.0,
        "hadron_survival": 0.9160511197092274,
        "hadron_surviving": 7813,
        "n_gamma": 94,
        "n_hadron": 8529
      },
      "15.5-16.0": {
        "threshold": 0.12981690883636476,
        "gamma_efficiency": 0.9947368421052631,
        "hadron_survival": 0.7548888293597643,
        "hadron_surviving": 2818,
        "n_gamma": 190,
        "n_hadron": 3733
      },
      "16.0-16.5": {
        "threshold": 0.15792412877082826,
        "gamma_efficiency": 1.0,
        "hadron_survival": 0.8344768439108061,
        "hadron_surviving": 973,
        "n_gamma": 86,
        "n_hadron": 1166
      },
      "16.5-17.0": {
        "threshold": 0.2853728020191193,
        "gamma_efficiency": 1.0,
        "hadron_survival": 0.38618925831202044,
        "hadron_surviving": 151,
        "n_gamma": 62,
        "n_hadron": 391
      },
      "17.0-17.5": {
        "threshold": 0.5705810546875,
        "gamma_efficiency": 1.0,
        "hadron_survival": 0.0,
        "hadron_surviving": 0,
        "n_gamma": 18,
        "n_hadron": 128
      }
    }
  }
}