{
  "n_gamma": 1514,
  "n_hadron": 34237,
  "survival_rates": {
    "50%": {
      "threshold": 0.8667051964998245,
      "gamma_efficiency": 0.5,
      "hadron_survival": 0.0003212898326372054,
      "hadron_surviving": 11
    },
    "75%": {
      "threshold": 0.828053320646286,
      "gamma_efficiency": 0.750330250990753,
      "hadron_survival": 0.003154481993165289,
      "hadron_surviving": 108
    },
    "90%": {
      "threshold": 0.6918924039602279,
      "gamma_efficiency": 0.9002642007926024,
      "hadron_survival": 0.047989017729357125,
      "hadron_surviving": 1643
    },
    "95%": {
      "threshold": 0.3408307912945747,
      "gamma_efficiency": 0.9504623513870541,
      "hadron_survival": 0.3327686421123346,
      "hadron_surviving": 11393
    },
    "99%": {
      "threshold": 0.19842840358614922,
      "gamma_efficiency": 0.9900924702774109,
      "hadron_survival": 0.7907526944533692,
      "hadron_surviving": 27073
    }
  },
  "key_metric": 0.003154481993165289,
  "accuracy_at_0.5": 0.8582137562585662,
  "energy_binned": {
    "14.0-15.0": {
      "threshold": 0.8142287856340409,
      "gamma_efficiency": 0.7512864493996569,
      "hadron_survival": 0.029428517182456808,
      "hadron_surviving": 155,
      "n_gamma": 583,
      "n_hadron": 5267
    },
    "15.0-15.5": {
      "threshold": 0.4130325847864151,
      "gamma_efficiency": 0.7536231884057971,
      "hadron_survival": 0.14935973313246528,
      "hadron_surviving": 2776,
      "n_gamma": 207,
      "n_hadron": 18586
    },
    "15.5-16.0": {
      "threshold": 0.9579288023710251,
      "gamma_efficiency": 0.7518248175182481,
      "hadron_survival": 0.0,
      "hadron_surviving": 0,
      "n_gamma": 411,
      "n_hadron": 7138
    },
    "16.0-16.5": {
      "threshold": 0.9015185546875,
      "gamma_efficiency": 0.7515527950310559,
      "hadron_survival": 0.0,
      "hadron_surviving": 0,
      "n_gamma": 161,
      "n_hadron": 2213
    },
    "16.5-17.0": {
      "threshold": 0.88609375,
      "gamma_efficiency": 0.7543859649122807,
      "hadron_survival": 0.0,
      "hadron_surviving": 0,
      "n_gamma": 114,
      "n_hadron": 719
    },
    "17.0-18.0": {
      "threshold": 0.8875439453125,
      "gamma_efficiency": 0.7631578947368421,
      "hadron_survival": 0.0,
      "hadron_surviving": 0,
      "n_gamma": 38,
      "n_hadron": 314
    }
  },
  "zenith_binned": {
    "0-10": {
      "threshold": 0.8338006877899169,
      "gamma_efficiency": 0.75,
      "hadron_survival": 0.002344454463480613,
      "hadron_surviving": 13,
      "n_gamma": 212,
      "n_hadron": 5545
    },
    "10-20": {
      "threshold": 0.82885471701622,
      "gamma_efficiency": 0.7513321492007105,
      "hadron_survival": 0.0033412533412533413,
      "hadron_surviving": 45,
      "n_gamma": 563,
      "n_hadron": 13468
    },
    "20-30": {
      "threshold": 0.824497457742691,
      "gamma_efficiency": 0.7506775067750677,
      "hadron_survival": 0.0032855828623997896,
      "hadron_surviving": 50,
      "n_gamma": 738,
      "n_hadron": 15218
    }
  },
  "energy_zenith_grid": {
    "0-10": {
      "14.0-14.5": {
        "threshold": 0.8321607482433319,
        "gamma_efficiency": 0.7580645161290323,
        "hadron_survival": 0.17073170731707318,
        "hadron_surviving": 7,
        "n_gamma": 62,
        "n_hadron": 41
      },
      "14.5-15.0": {
        "threshold": 0.762908273935318,
        "gamma_efficiency": 0.7692307692307693,
        "hadron_survival": 0.022130013831258646,
        "hadron_surviving": 32,
        "n_gamma": 26,
        "n_hadron": 1446
      },
      "15.0-15.5": {
        "threshold": 0.42424867540597916,
        "gamma_efficiency": 0.7777777777777778,
        "hadron_survival": 0.08820365722481176,
        "hadron_surviving": 246,
        "n_gamma": 27,
        "n_hadron": 2789
      },
      "15.5-16.0": {
        "threshold": 0.967041015625,
        "gamma_efficiency": 0.75,
        "hadron_survival": 0.0,
        "hadron_surviving": 0,
        "n_gamma": 60,
        "n_hadron": 842
      },
      "16.0-16.5": {
        "threshold": 0.9073193359375,
        "gamma_efficiency": 0.7777777777777778,
        "hadron_survival": 0.0,
        "hadron_surviving": 0,
        "n_gamma": 18,
        "n_hadron": 288
      },
      "16.5-17.0": {
        "threshold": 0.8954541015624999,
        "gamma_efficiency": 0.8,
        "hadron_survival": 0.0,
        "hadron_surviving": 0,
        "n_gamma": 15,
        "n_hadron": 96
      },
      "17.0-17.5": {
        "threshold": 0.8150847041606903,
        "gamma_efficiency": 0.75,
        "hadron_survival": 0.0,
        "hadron_surviving": 0,
        "n_gamma": 4,
        "n_hadron": 29
      }
    },
    "10-20": {
      "14.0-14.5": {
        "threshold": 0.8320985943078995,
        "gamma_efficiency": 0.7560975609756098,
        "hadron_survival": 0.26153846153846155,
        "hadron_surviving": 17,
        "n_gamma": 82,
        "n_hadron": 65
      },
      "14.5-15.0": {
        "threshold": 0.7967734861373902,
        "gamma_efficiency": 0.75,
        "hadron_survival": 0.024164317358034634,
        "hadron_surviving": 60,
        "n_gamma": 124,
        "n_hadron": 2483
      },
      "15.0-15.5": {
        "threshold": 0.375363053381443,
        "gamma_efficiency": 0.7558139534883721,
        "hadron_survival": 0.157786038826931,
        "hadron_surviving": 1146,
        "n_gamma": 86,
        "n_hadron": 7263
      },
      "15.5-16.0": {
        "threshold": 0.961240234375,
        "gamma_efficiency": 0.7515527950310559,
        "hadron_survival": 0.0,
        "hadron_surviving": 0,
        "n_gamma": 161,
        "n_hadron": 2563
      },
      "16.0-16.5": {
        "threshold": 0.9040234375,
        "gamma_efficiency": 0.7543859649122807,
        "hadron_survival": 0.0,
        "hadron_surviving": 0,
        "n_gamma": 57,
        "n_hadron": 759
      },
      "16.5-17.0": {
        "threshold": 0.8914990234375,
        "gamma_efficiency": 0.7837837837837838,
        "hadron_survival": 0.0,
        "hadron_surviving": 0,
        "n_gamma": 37,
        "n_hadron": 232
      },
      "17.0-17.5": {
        "threshold": 0.8938720703125,
        "gamma_efficiency": 0.75,
        "hadron_survival": 0.0,
        "hadron_surviving": 0,
        "n_gamma": 16,
        "n_hadron": 71
      }
    },
    "20-30": {
      "14.0-14.5": {
        "threshold": 0.832955374121666,
        "gamma_efficiency": 0.7619047619047619,
        "hadron_survival": 0.47058823529411764,
        "hadron_surviving": 8,
        "n_gamma": 42,
        "n_hadron": 17
      },
      "14.5-15.0": {
        "threshold": 0.8123889708518982,
        "gamma_efficiency": 0.7520325203252033,
        "hadron_survival": 0.04695222405271829,
        "hadron_surviving": 57,
        "n_gamma": 246,
        "n_hadron": 1214
      },
      "15.0-15.5": {
        "threshold": 0.5170940417051315,
        "gamma_efficiency": 0.7553191489361702,
        "hadron_survival": 0.10587407667956385,
        "hadron_surviving": 903,
        "n_gamma": 94,
        "n_hadron": 8529
      },
      "15.5-16.0": {
        "threshold": 0.9481876933574676,
        "gamma_efficiency": 0.7526315789473684,
        "hadron_survival": 0.0,
        "hadron_surviving": 0,
        "n_gamma": 190,
        "n_hadron": 3733
      },
      "16.0-16.5": {
        "threshold": 0.89927734375,
        "gamma_efficiency": 0.7558139534883721,
        "hadron_survival": 0.0,
        "hadron_surviving": 0,
        "n_gamma": 86,
        "n_hadron": 1166
      },
      "16.5-17.0": {
        "threshold": 0.8809521484375,
        "gamma_efficiency": 0.7580645161290323,
        "hadron_survival": 0.0,
        "hadron_surviving": 0,
        "n_gamma": 62,
        "n_hadron": 391
      },
      "17.0-17.5": {
        "threshold": 0.8875439453125,
        "gamma_efficiency": 0.7777777777777778,
        "hadron_survival": 0.0,
        "hadron_surviving": 0,
        "n_gamma": 18,