{
  "accuracy": 0.5084224587698589,
  "per_class": {
    "proton": {
      "precision": 0.7036040332470364,
      "recall": 0.62964882331423,
      "f1": 0.6645752895752896,
      "support": 32804.0
    },
    "helium": {
      "precision": 0.41995213997097014,
      "recall": 0.39816261251208807,
      "f1": 0.40876720698016306,
      "support": 26886.0
    },
    "carbon": {
      "precision": 0.3737773241473165,
      "recall": 0.3983231361885339,
      "f1": 0.3856600627481954,
      "support": 22065.0
    },
    "silicon": {
      "precision": 0.3994277539341917,
      "recall": 0.42769607843137253,
      "f1": 0.413078857819204,
      "support": 19584.0
    },
    "iron": {
      "precision": 0.6088038180341186,
      "recall": 0.6779172320217096,
      "f1": 0.6415043869034881,
      "support": 17688.0
    }
  },
  "macro_f1": 0.5027171608052681,
  "weighted_f1": 0.5102800050216807,
  "confusion_matrix": [
    [
      20655,
      8422,
      2983,
      613,
      131
    ],
    [
      7713,
      10705,
      6100,
      1916,
      452
    ],
    [
      927,
      5385,
      8789,
      5336,
      1628
    ],
    [
      58,
      914,
      4742,
      8376,
      5494
    ],
    [
      3,
      65,
      900,
      4729,
      11991
    ]
  ],
  "mean_fraction_error": 0.10601614385614384,
  "fraction_error_details": {
    "mean_fraction_error": 0.10601614385614384,
    "per_class_fraction_error": [
      0.08186953046953048,
      0.12388131868131869,
      0.12511908091908092,
      0.12219340659340658,
      0.07701738261738261
    ],
    "n_ensembles": 1001,
    "mixture_size": 5000,
    "grid_step": 0.1
  },
  "energy_binned": {
    "14.0-15.0": {
      "accuracy": 0.6080475346606901,
      "count": 9593,
      "confusion_matrix": [
        [
          4227,
          367,
          80,
          63,
          44
        ],
        [
          1159,
          387,
          159,
          120,
          101
        ],
        [
          150,
          218,
          157,
          187,
          222
        ],
        [
          14,
          66,
          121,
          267,
          427
        ],
        [
          1,
          11,
          54,
          196,
          795
        ]
      ],
      "fraction_error": {
        "mean_fraction_error": 0.13997714285714286,
        "per_class_fraction_error": [
          0.14075984015984017,
          0.14629010989010988,
          0.1512095904095904,
          0.13097222777222778,
          0.13065394605394604
        ],
        "n_ensembles": 1001,
        "mixture_size": 5000,
        "grid_step": 0.1
      }
    },
    "15.0-15.5": {
      "accuracy": 0.4845739471106758,
      "count": 65344,
      "confusion_matrix": [
        [
          11106,
          5086,
          1817,
          358,
          67
        ],
        [
          4583,
          6338,
          3545,
          1104,
          254
        ],
        [
          649,
          3312,
          4740,
          2746,
          894
        ],
        [
          43,
          668,
          2733,
          4047,
          2705
        ],
        [
          2,
          48,
          591,
          2475,
          5433
        ]
      ],
      "fraction_error": {
        "mean_fraction_error": 0.11034453546453547,
        "per_class_fraction_error": [
          0.08570929070929073,
          0.12832267732267733,
          0.13046273726273724,
          0.1267992007992008,
          0.08042877122877122
        ],
        "n_ensembles": 1001,
        "mixture_size": 5000,
        "grid_step": 0.1
      }
    },
    "15.5-16.0": {
      "accuracy": 0.5110559229227133,
      "count": 33421,
      "confusion_matrix": [
        [
          4000,
          2223,
          836,
          165,
          19
        ],
        [
          1537,
          2982,
          1798,
          568,
          89
        ],
        [
          110,
          1474,
          2853,
          1870,
          432
        ],
        [
          1,
          159,
          1435,
          2997,
          1806
        ],
        [
          0,
          5,
          221,
          1593,
          4248
        ]
      ],
      "fraction_error": {
        "mean_fraction_error": 0.10586869130869131,
        "per_class_fraction_error": [
          0.08742877122877123,
          0.12180959040959043,
          0.12421658341658341,
          0.12189150849150848,
          0.073997002997003
        ],
        "n_ensembles": 1001,
        "mixture_size": 5000,
        "grid_step": 0.1
      }
    },
    "16.0-16.5": {
      "accuracy": 0.5522082878953108,
      "count": 7336,
      "confusion_matrix": [
        [
          981,
          525,
          173,
          22,
          1
        ],
        [
          315,
          687,
          391,
          85,
          8
        ],
        [
          14,
          279,
          715,
          386,
          55
        ],
        [
          0,
          19,
          318,
          680,
          364
        ],
        [
          0,
          0,
          24,
          306,
          988
        ]
      ],
      "fraction_error": {
        "mean_fraction_error": 0.09798121878121878,
        "per_class_fraction_error": [
          0.08306733266733267,
          0.11465274725274725,
          0.115410989010989,
          0.11269050949050949,
          0.06408451548451549
        ],
        "n_ensembles": 1001,
        "mixture_size": 5000,
        "grid_step": 0.1
      }
    },
    "16.5-17.0": {
      "accuracy": 0.5635093845482322,
      "count": 2291,
      "confusion_matrix": [
        [
          244,
          148,
          47,
          4,
          0
        ],
        [
          84,
          217,
          142,
          22,
          0
        ],
        [
          4,
          81,
          214,
          105,
          15
        ],
        [
          0,
          1,
          98,
          268,
          132
        ],
        [
          0,
          0,
          8,
          109,
          348
        ]
      ],
      "fraction_error": {
        "mean_fraction_error": 0.09760023976023975,
        "per_class_fraction_error": [
          0.08603596403596403,
          0.11659760239760239,
          0.11545194805194804,
          0.10578841158841158,
          0.06412727272727271
        ],
        "n_ensembles": 1001,
        "mixture_size": 5000,
        "grid_step": 0.1
      }
    },
    "17.0-18.0": {
      "accuracy": 0.5734870317002881,
      "count": 1041,
      "confusion_matrix": [
        [
          97,
          73,
          30,
          1,
          0
        ],
        [
          35,
          94,
          65,
          17,
          0
        ],
        [
          0,
          21,
          110,
          42,
          10
        ],
        [
          0,
          1,
          37,
          117,
          60
        ],
        [
          0,
          1,
          2,
          49,
          179
        ]
      ],
      "fraction_error": {
        "mean_fraction_error": 0.0984127872127872,
        "per_class_fraction_error": [
          0.09812047952047952,
          0.11743836163836163,
          0.109196003996004,
          0.10238001998002,
          0.06492907092907092
        ],
        "n_ensembles": 1001,
        "mixture_size": 5000,
        "grid_step": 0.1
      }
    }
  }
}