{
  "accuracy": 0.20000287691134797,
  "per_class": {
    "proton": {
      "precision": 0.2114475115900758,
      "recall": 0.19981064783551472,
      "f1": 0.20546444273850234,
      "support": 294689.0
    },
    "helium": {
      "precision": 0.2124844664565511,
      "recall": 0.1990336958098702,
      "f1": 0.205539257019017,
      "support": 296387.0
    },
    "carbon": {
      "precision": 0.20583378407906378,
      "recall": 0.20173572346386368,
      "f1": 0.2037641510270299,
      "support": 284838.0
    },
    "silicon": {
      "precision": 0.1941835676423139,
      "recall": 0.20005342276700253,
      "f1": 0.19707479661723107,
      "support": 269548.0
    },
    "iron": {
      "precision": 0.175981630806608,
      "recall": 0.19933610432879575,
      "f1": 0.18693224132220645,
      "support": 244918.0
    }
  },
  "macro_f1": 0.19975497774479736,
  "weighted_f1": 0.2002411111676179,
  "confusion_matrix": [
    [
      58882,
      58955,
      59228,
      58987,
      58637
    ],
    [
      59474,
      58991,
      59456,
      59191,
      59275
    ],
    [
      56812,
      57043,
      57462,
      56835,
      56686
    ],
    [
      53905,
      53782,
      53935,
      53924,
      54002
    ],
    [
      49398,
      48854,
      49086,
      48759,
      48821
    ]
  ],
  "energy_binned": {
    "14.0-15.0": {
      "accuracy": 0.19992906824958914,
      "count": 1147582
    },
    "15.0-15.5": {
      "accuracy": 0.2002712424768047,
      "count": 171802
    },
    "15.5-16.0": {
      "accuracy": 0.20076426166863798,
      "count": 54955
    },
    "16.0-16.5": {
      "accuracy": 0.2006181256249432,
      "count": 11001
    },
    "16.5-17.0": {
      "accuracy": 0.1980169971671388,
      "count": 3530
    },
    "17.0-18.0": {
      "accuracy": 0.19801324503311257,
      "count": 1510
    }
  }
}