{
  "n_gamma": 1514,
  "n_hadron": 34237,
  "survival_rates": {
    "50%": {
      "threshold": 0.9979669451713562,
      "gamma_efficiency": 0.5,
      "hadron_survival": 5.8416333206764614e-05,
      "hadron_surviving": 2
    },
    "75%": {
      "threshold": 0.8567296266555786,
      "gamma_efficiency": 0.750330250990753,
      "hadron_survival": 0.00035049799924058764,
      "hadron_surviving": 12
    },
    "90%": {
      "threshold": 0.02561185136437416,
      "gamma_efficiency": 0.9002642007926024,
      "hadron_survival": 0.021847708619329966,
      "hadron_surviving": 748
    },
    "95%": {
      "threshold": 0.004099027719348669,
      "gamma_efficiency": 0.9504623513870541,
      "hadron_survival": 0.3012238221806817,
      "hadron_surviving": 10313
    },
    "99%": {
      "threshold": 0.002021994674578309,
      "gamma_efficiency": 0.9900924702774109,
      "hadron_survival": 0.8132137745713701,
      "hadron_surviving": 27842
    }
  },
  "key_metric": 0.00035049799924058764,
  "accuracy_at_0.5": 0.9911890576487371,
  "energy_binned": {
    "14.0-15.0": {
      "threshold": 0.752549409866333,
      "gamma_efficiency": 0.7512864493996569,
      "hadron_survival": 0.004366812227074236,
      "hadron_surviving": 23,
      "n_gamma": 583,
      "n_hadron": 5267
    },
    "15.0-15.5": {
      "threshold": 0.006848708726465702,
      "gamma_efficiency": 0.7536231884057971,
      "hadron_survival": 0.08909932207037555,
      "hadron_surviving": 1656,
      "n_gamma": 207,
      "n_hadron": 18586
    },
    "15.5-16.0": {
      "threshold": 0.9993090629577637,
      "gamma_efficiency": 0.7518248175182481,
      "hadron_survival": 0.0,
      "hadron_surviving": 0,
      "n_gamma": 411,
      "n_hadron": 7138
    },
    "16.0-16.5": {
      "threshold": 0.9996930360794067,
      "gamma_efficiency": 0.7515527950310559,
      "hadron_survival": 0.0,
      "hadron_surviving": 0,
      "n_gamma": 161,
      "n_hadron": 2213
    },
    "16.5-17.0": {
      "threshold": 0.999895453453064,
      "gamma_efficiency": 0.7543859649122807,
      "hadron_survival": 0.0,
      "hadron_surviving": 0,
      "n_gamma": 114,
      "n_hadron": 719
    },
    "17.0-18.0": {
      "threshold": 0.9999643564224243,
      "gamma_efficiency": 0.7631578947368421,
      "hadron_survival": 0.0,
      "hadron_surviving": 0,
      "n_gamma": 38,
      "n_hadron": 314
    }
  },
  "zenith_binned": {
    "0-10": {
      "threshold": 0.8704442381858826,
      "gamma_efficiency": 0.75,
      "hadron_survival": 0.00018034265103697024,
      "hadron_surviving": 1,
      "n_gamma": 212,
      "n_hadron": 5545
    },
    "10-20": {
      "threshold": 0.7986116409301758,
      "gamma_efficiency": 0.7513321492007105,
      "hadron_survival": 0.000594000594000594,
      "hadron_surviving": 8,
      "n_gamma": 563,
      "n_hadron": 13468
    },
    "20-30": {
      "threshold": 0.8708788156509399,
      "gamma_efficiency": 0.7506775067750677,
      "hadron_survival": 0.0005256932579839664,
      "hadron_surviving": 8,
      "n_gamma": 738,
      "n_hadron": 15218
    }
  },
  "energy_zenith_grid": {
    "0-10": {
      "14.0-14.5": {
        "threshold": 0.8626757264137268,
        "gamma_efficiency": 0.7580645161290323,
        "hadron_survival": 0.0,
        "hadron_surviving": 0,
        "n_gamma": 62,
        "n_hadron": 41
      },
      "14.5-15.0": {
        "threshold": 0.33857959508895874,
        "gamma_efficiency": 0.7692307692307693,
        "hadron_survival": 0.003457814661134163,
        "hadron_surviving": 5,
        "n_gamma": 26,
        "n_hadron": 1446
      },
      "15.0-15.5": {
        "threshold": 0.007201304659247398,
        "gamma_efficiency": 0.7777777777777778,
        "hadron_survival": 0.0494801003944066,
        "hadron_surviving": 138,
        "n_gamma": 27,
        "n_hadron": 2789
      },
      "15.5-16.0": {
        "threshold": 0.9996606111526489,
        "gamma_efficiency": 0.75,
        "hadron_survival": 0.0,
        "hadron_surviving": 0,
        "n_gamma": 60,
        "n_hadron": 842
      },
      "16.0-16.5": {
        "threshold": 0.9989814162254333,
        "gamma_efficiency": 0.7777777777777778,
        "hadron_survival": 0.0,
        "hadron_surviving": 0,
        "n_gamma": 18,
        "n_hadron": 288
      },
      "16.5-17.0": {
        "threshold": 0.9997760653495789,
        "gamma_efficiency": 0.8,
        "hadron_survival": 0.0,
        "hadron_surviving": 0,
        "n_gamma": 15,
        "n_hadron": 96
      },
      "17.0-17.5": {
        "threshold": 0.0630025640130043,
        "gamma_efficiency": 0.75,
        "hadron_survival": 0.0,
        "hadron_surviving": 0,
        "n_gamma": 4,
        "n_hadron": 29
      }
    },
    "10-20": {
      "14.0-14.5": {
        "threshold": 0.913211464881897,
        "gamma_efficiency": 0.7560975609756098,
        "hadron_survival": 0.03076923076923077,
        "hadron_surviving": 2,
        "n_gamma": 82,
        "n_hadron": 65
      },
      "14.5-15.0": {
        "threshold": 0.37991827726364136,
        "gamma_efficiency": 0.75,
        "hadron_survival": 0.00724929520741039,
        "hadron_surviving": 18,
        "n_gamma": 124,
        "n_hadron": 2483
      },
      "15.0-15.5": {
        "threshold": 0.005106844007968903,
        "gamma_efficiency": 0.7558139534883721,
        "hadron_survival": 0.1272201569599339,
        "hadron_surviving": 924,
        "n_gamma": 86,
        "n_hadron": 7263
      },
      "15.5-16.0": {
        "threshold": 0.9993541836738586,
        "gamma_efficiency": 0.7515527950310559,
        "hadron_survival": 0.0,
        "hadron_surviving": 0,
        "n_gamma": 161,
        "n_hadron": 2563
      },
      "16.0-16.5": {
        "threshold": 0.9997324347496033,
        "gamma_efficiency": 0.7543859649122807,
        "hadron_survival": 0.0,
        "hadron_surviving": 0,
        "n_gamma": 57,
        "n_hadron": 759
      },
      "16.5-17.0": {
        "threshold": 0.999921441078186,
        "gamma_efficiency": 0.7567567567567568,
        "hadron_survival": 0.0,
        "hadron_surviving": 0,
        "n_gamma": 37,
        "n_hadron": 232
      },
      "17.0-17.5": {
        "threshold": 0.9999898672103882,
        "gamma_efficiency": 0.75,
        "hadron_survival": 0.0,
        "hadron_surviving": 0,
        "n_gamma": 16,
        "n_hadron": 71
      }
    },
    "20-30": {
      "14.0-14.5": {
        "threshold": 0.9041715264320374,
        "gamma_efficiency": 0.7619047619047619,
        "hadron_survival": 0.0,
        "hadron_surviving": 0,
        "n_gamma": 42,
        "n_hadron": 17
      },
      "14.5-15.0": {
        "threshold": 0.7889167070388794,
        "gamma_efficiency": 0.7520325203252033,
        "hadron_survival": 0.006589785831960461,
        "hadron_surviving": 8,
        "n_gamma": 246,
        "n_hadron": 1214
      },
      "15.0-15.5": {
        "threshold": 0.011088065803050995,
        "gamma_efficiency": 0.7553191489361702,
        "hadron_survival": 0.05170594442490327,
        "hadron_surviving": 441,
        "n_gamma": 94,
        "n_hadron": 8529
      },
      "15.5-16.0": {
        "threshold": 0.9992254972457886,
        "gamma_efficiency": 0.7526315789473684,
        "hadron_survival": 0.0,
        "hadron_surviving": 0,
        "n_gamma": 190,
        "n_hadron": 3733
      },
      "16.0-16.5": {
        "threshold": 0.9997493624687195,
        "gamma_efficiency": 0.7558139534883721,
        "hadron_survival": 0.0,
        "hadron_surviving": 0,
        "n_gamma": 86,
        "n_hadron": 1166
      },
      "16.5-17.0": {
        "threshold": 0.9998888969421387,
        "gamma_efficiency": 0.7580645161290323,
        "hadron_survival": 0.0,
        "hadron_surviving": 0,
        "n_gamma": 62,
        "n_hadron": 391
      },
      "17.0-17.5": {
        "threshold": 0.9999185800552368,
        "gamma_efficiency": 0.7777777777777778,
        "hadron_survival": 0.0,
        "hadron_surviving": 0,