{
  "n_gamma": 1514,
  "n_hadron": 34237,
  "survival_rates": {
    "50%": {
      "threshold": 0.9972862064838409,
      "gamma_efficiency": 0.5,
      "hadron_survival": 2.9208166603382307e-05,
      "hadron_surviving": 1
    },
    "75%": {
      "threshold": 0.8504653990268707,
      "gamma_efficiency": 0.750330250990753,
      "hadron_survival": 0.0003212898326372054,
      "hadron_surviving": 11
    },
    "90%": {
      "threshold": 0.04233425483107567,
      "gamma_efficiency": 0.9002642007926024,
      "hadron_survival": 0.01673627946373806,
      "hadron_surviving": 573
    },
    "95%": {
      "threshold": 0.004185533476993442,
      "gamma_efficiency": 0.9504623513870541,
      "hadron_survival": 0.29202324970061627,
      "hadron_surviving": 9998
    },
    "99%": {
      "threshold": 0.002245618833694607,
      "gamma_efficiency": 0.9900924702774109,
      "hadron_survival": 0.7964190787744253,
      "hadron_surviving": 27267
    }
  },
  "key_metric": 0.0003212898326372054,
  "accuracy_at_0.5": 0.9913009426309753,
  "energy_binned": {
    "14.0-15.0": {
      "threshold": 0.7505377352237702,
      "gamma_efficiency": 0.7512864493996569,
      "hadron_survival": 0.004366812227074236,
      "hadron_surviving": 23,
      "n_gamma": 583,
      "n_hadron": 5267
    },
    "15.0-15.5": {
      "threshold": 0.006775169353932142,
      "gamma_efficiency": 0.7536231884057971,
      "hadron_survival": 0.09711610889917142,
      "hadron_surviving": 1805,
      "n_gamma": 207,
      "n_hadron": 18586
    },
    "15.5-16.0": {
      "threshold": 0.9992765188217163,
      "gamma_efficiency": 0.7518248175182481,
      "hadron_survival": 0.0,
      "hadron_surviving": 0,
      "n_gamma": 411,
      "n_hadron": 7138
    },
    "16.0-16.5": {
      "threshold": 0.9995873868465424,
      "gamma_efficiency": 0.7515527950310559,
      "hadron_survival": 0.0,
      "hadron_surviving": 0,
      "n_gamma": 161,
      "n_hadron": 2213
    },
    "16.5-17.0": {
      "threshold": 0.9996025562286377,
      "gamma_efficiency": 0.7543859649122807,
      "hadron_survival": 0.0,
      "hadron_surviving": 0,
      "n_gamma": 114,
      "n_hadron": 719
    },
    "17.0-18.0": {
      "threshold": 0.9994661569595337,
      "gamma_efficiency": 0.7631578947368421,
      "hadron_survival": 0.0,
      "hadron_surviving": 0,
      "n_gamma": 38,
      "n_hadron": 314
    }
  },
  "zenith_binned": {
    "0-10": {
      "threshold": 0.8419550836086274,
      "gamma_efficiency": 0.75,
      "hadron_survival": 0.0003606853020739405,
      "hadron_surviving": 2,
      "n_gamma": 212,
      "n_hadron": 5545
    },
    "10-20": {
      "threshold": 0.8214464962482453,
      "gamma_efficiency": 0.7513321492007105,
      "hadron_survival": 0.0005197505197505198,
      "hadron_surviving": 7,
      "n_gamma": 563,
      "n_hadron": 13468
    },
    "20-30": {
      "threshold": 0.8809181272983551,
      "gamma_efficiency": 0.7506775067750677,
      "hadron_survival": 0.00039426994348797475,
      "hadron_surviving": 6,
      "n_gamma": 738,
      "n_hadron": 15218
    }
  },
  "energy_zenith_grid": {
    "0-10": {
      "14.0-14.5": {
        "threshold": 0.8419550836086274,
        "gamma_efficiency": 0.7580645161290323,
        "hadron_survival": 0.0,
        "hadron_surviving": 0,
        "n_gamma": 62,
        "n_hadron": 41
      },
      "14.5-15.0": {
        "threshold": 0.431737670302391,
        "gamma_efficiency": 0.7692307692307693,
        "hadron_survival": 0.003457814661134163,
        "hadron_surviving": 5,
        "n_gamma": 26,
        "n_hadron": 1446
      },
      "15.0-15.5": {
        "threshold": 0.008121774345636367,
        "gamma_efficiency": 0.7777777777777778,
        "hadron_survival": 0.04302617425600574,
        "hadron_surviving": 120,
        "n_gamma": 27,
        "n_hadron": 2789
      },
      "15.5-16.0": {
        "threshold": 0.9995779275894165,
        "gamma_efficiency": 0.75,
        "hadron_survival": 0.0,
        "hadron_surviving": 0,
        "n_gamma": 60,
        "n_hadron": 842
      },
      "16.0-16.5": {
        "threshold": 0.9988455355167389,
        "gamma_efficiency": 0.7777777777777778,
        "hadron_survival": 0.0,
        "hadron_surviving": 0,
        "n_gamma": 18,
        "n_hadron": 288
      },
      "16.5-17.0": {
        "threshold": 0.9993302047252655,
        "gamma_efficiency": 0.8,
        "hadron_survival": 0.0,
        "hadron_surviving": 0,
        "n_gamma": 15,
        "n_hadron": 96
      },
      "17.0-17.5": {
        "threshold": 0.05037958491593599,
        "gamma_efficiency": 0.75,
        "hadron_survival": 0.0,
        "hadron_surviving": 0,
        "n_gamma": 4,
        "n_hadron": 29
      }
    },
    "10-20": {
      "14.0-14.5": {
        "threshold": 0.9199014663696289,
        "gamma_efficiency": 0.7560975609756098,
        "hadron_survival": 0.03076923076923077,
        "hadron_surviving": 2,
        "n_gamma": 82,
        "n_hadron": 65
      },
      "14.5-15.0": {
        "threshold": 0.41964789927005763,
        "gamma_efficiency": 0.75,
        "hadron_survival": 0.008054772452678213,
        "hadron_surviving": 20,
        "n_gamma": 124,
        "n_hadron": 2483
      },
      "15.0-15.5": {
        "threshold": 0.005713460128754378,
        "gamma_efficiency": 0.7558139534883721,
        "hadron_survival": 0.10615448161916563,
        "hadron_surviving": 771,
        "n_gamma": 86,
        "n_hadron": 7263
      },
      "15.5-16.0": {
        "threshold": 0.9991794109344482,
        "gamma_efficiency": 0.7515527950310559,
        "hadron_survival": 0.0,
        "hadron_surviving": 0,
        "n_gamma": 161,
        "n_hadron": 2563
      },
      "16.0-16.5": {
        "threshold": 0.999643611907959,
        "gamma_efficiency": 0.7543859649122807,
        "hadron_survival": 0.0,
        "hadron_surviving": 0,
        "n_gamma": 57,
        "n_hadron": 759
      },
      "16.5-17.0": {
        "threshold": 0.9997080445289611,
        "gamma_efficiency": 0.7567567567567568,
        "hadron_survival": 0.0,
        "hadron_surviving": 0,
        "n_gamma": 37,
        "n_hadron": 232
      },
      "17.0-17.5": {
        "threshold": 0.9996122360229492,
        "gamma_efficiency": 0.75,
        "hadron_survival": 0.0,
        "hadron_surviving": 0,
        "n_gamma": 16,
        "n_hadron": 71
      }
    },
    "20-30": {
      "14.0-14.5": {
        "threshold": 0.9082956373691559,
        "gamma_efficiency": 0.7619047619047619,
        "hadron_survival": 0.0,
        "hadron_surviving": 0,
        "n_gamma": 42,
        "n_hadron": 17
      },
      "14.5-15.0": {
        "threshold": 0.8077737867832184,
        "gamma_efficiency": 0.7520325203252033,
        "hadron_survival": 0.005766062602965404,
        "hadron_surviving": 7,
        "n_gamma": 246,
        "n_hadron": 1214
      },
      "15.0-15.5": {
        "threshold": 0.012181661184877157,
        "gamma_efficiency": 0.7553191489361702,
        "hadron_survival": 0.04854027435807246,
        "hadron_surviving": 414,
        "n_gamma": 94,
        "n_hadron": 8529
      },
      "15.5-16.0": {
        "threshold": 0.9992176532745362,
        "gamma_efficiency": 0.7526315789473684,
        "hadron_survival": 0.0,
        "hadron_surviving": 0,
        "n_gamma": 190,
        "n_hadron": 3733
      },
      "16.0-16.5": {
        "threshold": 0.9996953308582306,
        "gamma_efficiency": 0.7558139534883721,
        "hadron_survival": 0.0,
        "hadron_surviving": 0,
        "n_gamma": 86,
        "n_hadron": 1166
      },
      "16.5-17.0": {
        "threshold": 0.9998049974441529,
        "gamma_efficiency": 0.7580645161290323,
        "hadron_survival": 0.0,
        "hadron_surviving": 0,
        "n_gamma": 62,
        "n_hadron": 391
      },
      "17.0-17.5": {
        "threshold": 0.9998147130012512,
        "gamma_efficiency": 0.7777777777777778,
        "hadron_survival": 0.0,
        "hadron_surviving": 0,