{
  "accuracy": 0.5097582901358515,
  "per_class": {
    "proton": {
      "precision": 0.6659117305458769,
      "recall": 0.6991220582855749,
      "f1": 0.6821129022663732,
      "support": 32804.0
    },
    "helium": {
      "precision": 0.4116403905490511,
      "recall": 0.36223313248530836,
      "f1": 0.3853595805717677,
      "support": 26886.0
    },
    "carbon": {
      "precision": 0.3784206411258796,
      "recall": 0.3728982551552232,
      "f1": 0.3756391526661797,
      "support": 22065.0
    },
    "silicon": {
      "precision": 0.40262415961830406,
      "recall": 0.37918709150326796,
      "f1": 0.39055432838960763,
      "support": 19584.0
    },
    "iron": {
      "precision": 0.5953425582180223,
      "recall": 0.6981004070556309,
      "f1": 0.6426396731634963,
      "support": 17688.0
    }
  },
  "macro_f1": 0.4952611274114849,
  "weighted_f1": 0.5044310428631815,
  "confusion_matrix": [
    [
      22934,
      6777,
      2416,
      535,
      142
    ],
    [
      9810,
      9739,
      5199,
      1643,
      495
    ],
    [
      1550,
      5837,
      8228,
      4620,
      1830
    ],
    [
      132,
      1208,
      4892,
      7426,
      5926
    ],
    [
      14,
      98,
      1008,
      4220,
      12348
    ]
  ],
  "mean_fraction_error": 0.10798321678321679,
  "fraction_error_details": {
    "mean_fraction_error": 0.10798321678321679,
    "per_class_fraction_error": [
      0.08610689310689311,
      0.12708731268731266,
      0.12542537462537465,
      0.12263076923076921,
      0.07866573426573427
    ],
    "n_ensembles": 1001,
    "mixture_size": 5000,
    "grid_step": 0.1
  },
  "energy_binned": {
    "14.0-15.0": {
      "accuracy": 0.6085687480454498,
      "count": 9593,
      "confusion_matrix": [
        [
          4429,
          181,
          72,
          55,
          44
        ],
        [
          1353,
          232,
          140,
          106,
          95
        ],
        [
          229,
          177,
          146,
          163,
          219
        ],
        [
          48,
          63,
          115,
          242,
          427
        ],
        [
          9,
          10,
          67,
          182,
          789
        ]
      ],
      "fraction_error": {
        "mean_fraction_error": 0.15358657342657345,
        "per_class_fraction_error": [
          0.1893902097902098,
          0.16140699300699302,
          0.15353146853146854,
          0.13399560439560437,
          0.12960859140859138
        ],
        "n_ensembles": 1001,
        "mixture_size": 5000,
        "grid_step": 0.1
      }
    },
    "15.0-15.5": {
      "accuracy": 0.48458925073457393,
      "count": 65344,
      "confusion_matrix": [
        [
          12521,
          4068,
          1457,
          313,
          75
        ],
        [
          5925,
          5683,
          2997,
          935,
          284
        ],
        [
          1092,
          3513,
          4360,
          2381,
          995
        ],
        [
          81,
          868,
          2795,
          3482,
          2970
        ],
        [
          5,
          74,
          668,
          2183,
          5619
        ]
      ],
      "fraction_error": {
        "mean_fraction_error": 0.11259236763236764,
        "per_class_fraction_error": [
          0.09046053946053945,
          0.13125394605394605,
          0.1310729270729271,
          0.1286787212787213,
          0.08149570429570428
        ],
        "n_ensembles": 1001,
        "mixture_size": 5000,
        "grid_step": 0.1
      }
    },
    "15.5-16.0": {
      "accuracy": 0.5129409652613626,
      "count": 33421,
      "confusion_matrix": [
        [
          4435,
          1949,
          693,
          144,
          22
        ],
        [
          1928,
          2885,
          1555,
          500,
          106
        ],
        [
          192,
          1672,
          2726,
          1621,
          528
        ],
        [
          3,
          226,
          1507,
          2702,
          1960
        ],
        [
          0,
          13,
          235,
          1424,
          4395
        ]
      ],
      "fraction_error": {
        "mean_fraction_error": 0.10492683316683316,
        "per_class_fraction_error": [
          0.08262417582417582,
          0.12286233766233766,
          0.12281278721278721,
          0.11998861138861139,
          0.07634625374625374
        ],
        "n_ensembles": 1001,
        "mixture_size": 5000,
        "grid_step": 0.1
      }
    },
    "16.0-16.5": {
      "accuracy": 0.5633860414394766,
      "count": 7336,
      "confusion_matrix": [
        [
          1121,
          414,
          148,
          18,
          1
        ],
        [
          410,
          660,
          332,
          75,
          9
        ],
        [
          28,
          330,
          701,
          331,
          59
        ],
        [
          0,
          38,
          322,
          638,
          383
        ],
        [
          0,
          0,
          23,
          282,
          1013
        ]
      ],
      "fraction_error": {
        "mean_fraction_error": 0.0952987012987013,
        "per_class_fraction_error": [
          0.07591728271728272,
          0.11428531468531468,
          0.11144015984015984,
          0.11048491508491508,
          0.06436583416583416
        ],
        "n_ensembles": 1001,
        "mixture_size": 5000,
        "grid_step": 0.1
      }
    },
    "16.5-17.0": {
      "accuracy": 0.5648188563945875,
      "count": 2291,
      "confusion_matrix": [
        [
          294,
          114,
          31,
          4,
          0
        ],
        [
          131,
          188,
          131,
          14,
          1
        ],
        [
          9,
          102,
          199,
          91,
          18
        ],
        [
          0,
          5,
          106,
          253,
          135
        ],
        [
          0,
          0,
          10,
          95,
          360
        ]
      ],
      "fraction_error": {
        "mean_fraction_error": 0.09576055944055943,
        "per_class_fraction_error": [
          0.07615224775224774,
          0.12182837162837162,
          0.11565174825174826,
          0.10229890109890111,
          0.06287152847152847
        ],
        "n_ensembles": 1001,
        "mixture_size": 5000,
        "grid_step": 0.1
      }
    },
    "17.0-18.0": {
      "accuracy": 0.5782901056676273,
      "count": 1041,
      "confusion_matrix": [
        [
          134,
          51,
          15,
          1,
          0
        ],
        [
          63,
          91,
          44,
          13,
          0
        ],
        [
          0,
          43,
          96,
          33,
          11
        ],
        [
          0,
          8,
          47,
          109,
          51
        ],
        [
          0,
          1,
          5,
          53,
          172
        ]
      ],
      "fraction_error": {
        "mean_fraction_error": 0.0926133066933067,
        "per_class_fraction_error": [
          0.07686293706293705,
          0.11783916083916084,
          0.10333266733266733,
          0.10257442557442557,
          0.06245734265734265
        ],
        "n_ensembles": 1001,
        "mixture_size": 5000,
        "grid_step": 0.1
      }
    }
  }
}