{
  "n_gamma": 1514,
  "n_hadron": 34237,
  "survival_rates": {
    "50%": {
      "threshold": 0.9999678407907486,
      "gamma_efficiency": 0.5,
      "hadron_survival": 0.00011683266641352923,
      "hadron_surviving": 4
    },
    "75%": {
      "threshold": 0.9984949593544007,
      "gamma_efficiency": 0.750330250990753,
      "hadron_survival": 0.0006717878318777931,
      "hadron_surviving": 23
    },
    "90%": {
      "threshold": 0.8946846931092441,
      "gamma_efficiency": 0.9002642007926024,
      "hadron_survival": 0.03510821625726553,
      "hadron_surviving": 1202
    },
    "95%": {
      "threshold": 0.006978072913636424,
      "gamma_efficiency": 0.9504623513870541,
      "hadron_survival": 0.34083009609486814,
      "hadron_surviving": 11669
    },
    "99%": {
      "threshold": 2.2597556577238732e-05,
      "gamma_efficiency": 0.9900924702774109,
      "hadron_survival": 0.8436194760054911,
      "hadron_surviving": 28883
    }
  },
  "key_metric": 0.0006717878318777931,
  "accuracy_at_0.5": 0.903275432855025,
  "energy_binned": {
    "14.0-15.0": {
      "threshold": 0.9960302484631538,
      "gamma_efficiency": 0.7512864493996569,
      "hadron_survival": 0.007594456047085627,
      "hadron_surviving": 40,
      "n_gamma": 583,
      "n_hadron": 5267
    },
    "15.0-15.5": {
      "threshold": 0.028288065023720263,
      "gamma_efficiency": 0.7536231884057971,
      "hadron_survival": 0.16878295491229958,
      "hadron_surviving": 3137,
      "n_gamma": 207,
      "n_hadron": 18586
    },
    "15.5-16.0": {
      "threshold": 0.9999996416568756,
      "gamma_efficiency": 0.7518248175182481,
      "hadron_survival": 0.0,
      "hadron_surviving": 0,
      "n_gamma": 411,
      "n_hadron": 7138
    },
    "16.0-16.5": {
      "threshold": 0.9999999964237213,
      "gamma_efficiency": 0.7577639751552795,
      "hadron_survival": 0.0,
      "hadron_surviving": 0,
      "n_gamma": 161,
      "n_hadron": 2213
    },
    "16.5-17.0": {
      "threshold": 1.0,
      "gamma_efficiency": 0.8070175438596491,
      "hadron_survival": 0.0,
      "hadron_surviving": 0,
      "n_gamma": 114,
      "n_hadron": 719
    },
    "17.0-18.0": {
      "threshold": 1.0,
      "gamma_efficiency": 0.8947368421052632,
      "hadron_survival": 0.0,
      "hadron_surviving": 0,
      "n_gamma": 38,
      "n_hadron": 314
    }
  },
  "zenith_binned": {
    "0-10": {
      "threshold": 0.9982391879558563,
      "gamma_efficiency": 0.75,
      "hadron_survival": 0.0003606853020739405,
      "hadron_surviving": 2,
      "n_gamma": 212,
      "n_hadron": 5545
    },
    "10-20": {
      "threshold": 0.9977545462846756,
      "gamma_efficiency": 0.7513321492007105,
      "hadron_survival": 0.0010395010395010396,
      "hadron_surviving": 14,
      "n_gamma": 563,
      "n_hadron": 13468
    },
    "20-30": {
      "threshold": 0.9987393304109573,
      "gamma_efficiency": 0.7506775067750677,
      "hadron_survival": 0.0007228282297279537,
      "hadron_surviving": 11,
      "n_gamma": 738,
      "n_hadron": 15218
    }
  },
  "energy_zenith_grid": {
    "0-10": {
      "14.0-14.5": {
        "threshold": 0.9979343515634537,
        "gamma_efficiency": 0.7580645161290323,
        "hadron_survival": 0.024390243902439025,
        "hadron_surviving": 1,
        "n_gamma": 62,
        "n_hadron": 41
      },
      "14.5-15.0": {
        "threshold": 0.9742545441091061,
        "gamma_efficiency": 0.7692307692307693,
        "hadron_survival": 0.021438450899031812,
        "hadron_surviving": 31,
        "n_gamma": 26,
        "n_hadron": 1446
      },
      "15.0-15.5": {
        "threshold": 0.01993834079179214,
        "gamma_efficiency": 0.7777777777777778,
        "hadron_survival": 0.17604876299749014,
        "hadron_surviving": 491,
        "n_gamma": 27,
        "n_hadron": 2789
      },
      "15.5-16.0": {
        "threshold": 0.9999997990131378,
        "gamma_efficiency": 0.75,
        "hadron_survival": 0.0,
        "hadron_surviving": 0,
        "n_gamma": 60,
        "n_hadron": 842
      },
      "16.0-16.5": {
        "threshold": 0.9999998784065247,
        "gamma_efficiency": 0.7777777777777778,
        "hadron_survival": 0.0,
        "hadron_surviving": 0,
        "n_gamma": 18,
        "n_hadron": 288
      },
      "16.5-17.0": {
        "threshold": 0.9999999978542328,
        "gamma_efficiency": 0.8,
        "hadron_survival": 0.0,
        "hadron_surviving": 0,
        "n_gamma": 15,
        "n_hadron": 96
      },
      "17.0-17.5": {
        "threshold": 0.9562309370338916,
        "gamma_efficiency": 0.75,
        "hadron_survival": 0.0,
        "hadron_surviving": 0,
        "n_gamma": 4,
        "n_hadron": 29
      }
    },
    "10-20": {
      "14.0-14.5": {
        "threshold": 0.9991483314037323,
        "gamma_efficiency": 0.7560975609756098,
        "hadron_survival": 0.03076923076923077,
        "hadron_surviving": 2,
        "n_gamma": 82,
        "n_hadron": 65
      },
      "14.5-15.0": {
        "threshold": 0.9899154212474823,
        "gamma_efficiency": 0.75,
        "hadron_survival": 0.011679420056383408,
        "hadron_surviving": 29,
        "n_gamma": 124,
        "n_hadron": 2483
      },
      "15.0-15.5": {
        "threshold": 0.02551685474207625,
        "gamma_efficiency": 0.7558139534883721,
        "hadron_survival": 0.16329340492909267,
        "hadron_surviving": 1186,
        "n_gamma": 86,
        "n_hadron": 7263
      },
      "15.5-16.0": {
        "threshold": 0.9999996509552002,
        "gamma_efficiency": 0.7515527950310559,
        "hadron_survival": 0.0,
        "hadron_surviving": 0,
        "n_gamma": 161,
        "n_hadron": 2563
      },
      "16.0-16.5": {
        "threshold": 0.9999999992847443,
        "gamma_efficiency": 0.7543859649122807,
        "hadron_survival": 0.0,
        "hadron_surviving": 0,
        "n_gamma": 57,
        "n_hadron": 759
      },
      "16.5-17.0": {
        "threshold": 1.0,
        "gamma_efficiency": 0.8648648648648649,
        "hadron_survival": 0.0,
        "hadron_surviving": 0,
        "n_gamma": 37,
        "n_hadron": 232
      },
      "17.0-17.5": {
        "threshold": 1.0,
        "gamma_efficiency": 1.0,
        "hadron_survival": 0.0,
        "hadron_surviving": 0,
        "n_gamma": 16,
        "n_hadron": 71
      }
    },
    "20-30": {
      "14.0-14.5": {
        "threshold": 0.9992305982112885,
        "gamma_efficiency": 0.7619047619047619,
        "hadron_survival": 0.0,
        "hadron_surviving": 0,
        "n_gamma": 42,
        "n_hadron": 17
      },
      "14.5-15.0": {
        "threshold": 0.9957221553325653,
        "gamma_efficiency": 0.7520325203252033,
        "hadron_survival": 0.016474464579901153,
        "hadron_surviving": 20,
        "n_gamma": 246,
        "n_hadron": 1214
      },
      "15.0-15.5": {
        "threshold": 0.04808574110411428,
        "gamma_efficiency": 0.7553191489361702,
        "hadron_survival": 0.15335912768202603,
        "hadron_surviving": 1308,
        "n_gamma": 94,
        "n_hadron": 8529
      },
      "15.5-16.0": {
        "threshold": 0.9999995715618134,
        "gamma_efficiency": 0.7526315789473684,
        "hadron_survival": 0.0,
        "hadron_surviving": 0,
        "n_gamma": 190,
        "n_hadron": 3733
      },
      "16.0-16.5": {
        "threshold": 0.9999999856948852,
        "gamma_efficiency": 0.7674418604651163,
        "hadron_survival": 0.0,
        "hadron_surviving": 0,
        "n_gamma": 86,
        "n_hadron": 1166
      },
      "16.5-17.0": {
        "threshold": 1.0,
        "gamma_efficiency": 0.7903225806451613,
        "hadron_survival": 0.0,
        "hadron_surviving": 0,
        "n_gamma": 62,
        "n_hadron": 391
      },
      "17.0-17.5": {
        "threshold": 1.0,
        "gamma_efficiency": 0.8888888888888888,
        "hadron_survival": 0.0,
        "hadron_surviving": 0,
        "n_gamma": 18,
        "n_hadron": 128
      }
    }
  }
}