{
  "accuracy": 0.45515723323279594,
  "per_class": {
    "proton": {
      "precision": 0.5671268868167534,
      "recall": 0.6711681502255823,
      "f1": 0.6147767570435316,
      "support": 32804.0
    },
    "helium": {
      "precision": 0.3816008662335499,
      "recall": 0.3408093431525701,
      "f1": 0.36005344021376084,
      "support": 26886.0
    },
    "carbon": {
      "precision": 0.3411661466458658,
      "recall": 0.3171538635848629,
      "f1": 0.3287220799962421,
      "support": 22065.0
    },
    "silicon": {
      "precision": 0.36566567709522724,
      "recall": 0.32705269607843135,
      "f1": 0.3452830188679245,
      "support": 19584.0
    },
    "iron": {
      "precision": 0.5281034957335535,
      "recall": 0.5423450927182271,
      "f1": 0.5351295568013834,
      "support": 17688.0
    }
  },
  "macro_f1": 0.4367929705845685,
  "weighted_f1": 0.44803431548281125,
  "confusion_matrix": [
    [
      22017,
      6854,
      2715,
      871,
      347
    ],
    [
      10278,
      9163,
      4698,
      2020,
      727
    ],
    [
      3257,
      5354,
      6998,
      4215,
      2241
    ],
    [
      1606,
      1950,
      4366,
      6405,
      5257
    ],
    [
      1664,
      691,
      1735,
      4005,
      9593
    ]
  ],
  "mean_fraction_error": 0.12027372627372628,
  "fraction_error_details": {
    "mean_fraction_error": 0.12027372627372628,
    "per_class_fraction_error": [
      0.11497402597402598,
      0.13065734265734266,
      0.1320747252747253,
      0.12901958041958045,
      0.09464295704295704
    ],
    "n_ensembles": 1001,
    "mixture_size": 5000,
    "grid_step": 0.1
  },
  "energy_binned": {
    "14.0-15.0": {
      "accuracy": 0.48723027207338687,
      "count": 9593,
      "confusion_matrix": [
        [
          4309,
          262,
          59,
          60,
          91
        ],
        [
          1570,
          268,
          48,
          15,
          25
        ],
        [
          706,
          138,
          41,
          20,
          29
        ],
        [
          760,
          45,
          37,
          22,
          31
        ],
        [
          926,
          52,
          17,
          28,
          34
        ]
      ],
      "fraction_error": {
        "mean_fraction_error": 0.27212699300699306,
        "per_class_fraction_error": [
          0.6398157842157842,
          0.1561914085914086,
          0.18563356643356646,
          0.1910857142857143,
          0.18790849150849154
        ],
        "n_ensembles": 1001,
        "mixture_size": 5000,
        "grid_step": 0.1
      }
    },
    "15.0-15.5": {
      "accuracy": 0.4186306317335945,
      "count": 65344,
      "confusion_matrix": [
        [
          11810,
          4173,
          1687,
          560,
          204
        ],
        [
          6150,
          5161,
          2769,
          1252,
          492
        ],
        [
          1984,
          3239,
          3564,
          2238,
          1316
        ],
        [
          781,
          1395,
          2502,
          2914,
          2604
        ],
        [
          729,
          576,
          1207,
          2131,
          3906
        ]
      ],
      "fraction_error": {
        "mean_fraction_error": 0.12778221778221777,
        "per_class_fraction_error": [
          0.11706033966033967,
          0.13908491508491508,
          0.13994825174825176,
          0.13637782217782216,
          0.10643976023976023
        ],
        "n_ensembles": 1001,
        "mixture_size": 5000,
        "grid_step": 0.1
      }
    },
    "15.5-16.0": {
      "accuracy": 0.47811256395679363,
      "count": 33421,
      "confusion_matrix": [
        [
          4373,
          1860,
          757,
          206,
          47
        ],
        [
          2052,
          2673,
          1447,
          613,
          189
        ],
        [
          467,
          1598,
          2404,
          1508,
          762
        ],
        [
          61,
          432,
          1429,
          2403,
          2073
        ],
        [
          9,
          62,
          432,
          1438,
          4126
        ]
      ],
      "fraction_error": {
        "mean_fraction_error": 0.11097022977022976,
        "per_class_fraction_error": [
          0.08706713286713287,
          0.1260891108891109,
          0.1287746253746254,
          0.12587712287712288,
          0.08704315684315685
        ],
        "n_ensembles": 1001,
        "mixture_size": 5000,
        "grid_step": 0.1
      }
    },
    "16.0-16.5": {
      "accuracy": 0.5598418756815703,
      "count": 7336,
      "confusion_matrix": [
        [
          1068,
          437,
          157,
          36,
          4
        ],
        [
          350,
          709,
          306,
          104,
          17
        ],
        [
          72,
          266,
          681,
          339,
          91
        ],
        [
          2,
          57,
          277,
          663,
          382
        ],
        [
          0,
          1,
          52,
          279,
          986
        ]
      ],
      "fraction_error": {
        "mean_fraction_error": 0.09460667332667333,
        "per_class_fraction_error": [
          0.07677062937062937,
          0.10796143856143857,
          0.10994325674325675,
          0.11015624375624376,
          0.06820179820179821
        ],
        "n_ensembles": 1001,
        "mixture_size": 5000,
        "grid_step": 0.1
      }
    },
    "16.5-17.0": {
      "accuracy": 0.6176342208642515,
      "count": 2291,
      "confusion_matrix": [
        [
          315,
          81,
          40,
          6,
          1
        ],
        [
          94,
          240,
          108,
          21,
          2
        ],
        [
          21,
          81,
          212,
          75,
          30
        ],
        [
          1,
          12,
          81,
          290,
          115
        ],
        [
          0,
          0,
          13,
          94,
          358
        ]
      ],
      "fraction_error": {
        "mean_fraction_error": 0.08260891108891108,
        "per_class_fraction_error": [
          0.06219480519480519,
          0.09696263736263735,
          0.1038043956043956,
          0.0900081918081918,
          0.06007452547452547
        ],
        "n_ensembles": 1001,
        "mixture_size": 5000,
        "grid_step": 0.1
      }
    },
    "17.0-18.0": {
      "accuracy": 0.6195965417867435,
      "count": 1041,
      "confusion_matrix": [
        [
          142,
          41,
          15,
          3,
          0
        ],
        [
          62,
          112,
          20,
          15,
          2
        ],
        [
          7,
          32,
          96,
          35,
          13
        ],
        [
          1,
          9,
          40,
          113,
          52
        ],
        [
          0,
          0,
          14,
          35,
          182
        ]
      ],
      "fraction_error": {
        "mean_fraction_error": 0.08340507492507493,
        "per_class_fraction_error": [
          0.072794005994006,
          0.09557662337662338,
          0.09303836163836163,
          0.09518241758241758,
          0.06043396603396603
        ],
        "n_ensembles": 1001,
        "mixture_size": 5000,
        "grid_step": 0.1
      }
    }
  }
}