{
  "accuracy": 0.4990464348425147,
  "per_class": {
    "proton": {
      "precision": 0.6604634831460674,
      "recall": 0.6880868186806487,
      "f1": 0.673992236488504,
      "support": 32804.0
    },
    "helium": {
      "precision": 0.396031746031746,
      "recall": 0.37119690545265194,
      "f1": 0.38321237952616827,
      "support": 26886.0
    },
    "carbon": {
      "precision": 0.3644027659372928,
      "recall": 0.34869703149784725,
      "f1": 0.3563769424951944,
      "support": 22065.0
    },
    "silicon": {
      "precision": 0.39145588528181635,
      "recall": 0.4014501633986928,
      "f1": 0.39639003730967026,
      "support": 19584.0
    },
    "iron": {
      "precision": 0.6119330190212974,
      "recall": 0.6383989145183175,
      "f1": 0.6248858637005064,
      "support": 17688.0
    }
  },
  "macro_f1": 0.4869714919040087,
  "weighted_f1": 0.4964590407695149,
  "confusion_matrix": [
    [
      22572,
      7211,
      2335,
      576,
      110
    ],
    [
      9830,
      9980,
      4931,
      1767,
      378
    ],
    [
      1626,
      6349,
      7694,
      4882,
      1514
    ],
    [
      136,
      1499,
      4928,
      7862,
      5159
    ],
    [
      12,
      161,
      1226,
      4997,
      11292
    ]
  ],
  "energy_binned": {
    "14.0-15.0": {
      "accuracy": 0.5999166058584384,
      "count": 9593,
      "confusion_matrix": [
        [
          4423,
          215,
          72,
          42,
          29
        ],
        [
          1353,
          270,
          146,
          96,
          61
        ],
        [
          245,
          211,
          163,
          169,
          146
        ],
        [
          48,
          94,
          171,
          235,
          347
        ],
        [
          10,
          33,
          125,
          225,
          664
        ]
      ]
    },
    "15.0-15.5": {
      "accuracy": 0.47747306562193925,
      "count": 65344,
      "confusion_matrix": [
        [
          12353,
          4320,
          1366,
          336,
          59
        ],
        [
          5926,
          5881,
          2805,
          987,
          225
        ],
        [
          1099,
          3843,
          4143,
          2436,
          820
        ],
        [
          82,
          1051,
          2827,
          3701,
          2535
        ],
        [
          2,
          112,
          763,
          2550,
          5122
        ]
      ]
    },
    "15.5-16.0": {
      "accuracy": 0.4996259836629664,
      "count": 33421,
      "confusion_matrix": [
        [
          4341,
          2027,
          702,
          152,
          21
        ],
        [
          1971,
          2907,
          1468,
          547,
          81
        ],
        [
          234,
          1831,
          2508,
          1711,
          455
        ],
        [
          6,
          298,
          1489,
          2888,
          1717
        ],
        [
          0,
          16,
          292,
          1705,
          4054
        ]
      ]
    },
    "16.0-16.5": {
      "accuracy": 0.534896401308615,
      "count": 7336,
      "confusion_matrix": [
        [
          1053,
          470,
          141,
          37,
          1
        ],
        [
          397,
          649,
          335,
          95,
          10
        ],
        [
          35,
          332,
          613,
          404,
          65
        ],
        [
          0,
          46,
          300,
          659,
          376
        ],
        [
          0,
          0,
          37,
          331,
          950
        ]
      ]
    },
    "16.5-17.0": {
      "accuracy": 0.546922741161065,
      "count": 2291,
      "confusion_matrix": [
        [
          278,
          123,
          37,
          5,
          0
        ],
        [
          118,
          191,
          132,
          24,
          0
        ],
        [
          9,
          95,
          181,
          117,
          17
        ],
        [
          0,
          4,
          104,
          270,
          121
        ],
        [
          0,
          0,
          7,
          125,
          333
        ]
      ]
    },
    "17.0-18.0": {
      "accuracy": 0.547550432276657,
      "count": 1041,
      "confusion_matrix": [
        [
          124,
          56,
          17,
          4,
          0
        ],
        [
          65,
          82,
          45,
          18,
          1
        ],
        [
          4,
          37,
          86,
          45,
          11
        ],
        [
          0,
          6,
          37,
          109,
          63
        ],
        [
          0,
          0,
          2,
          60,
          169
        ]
      ]
    }
  }
}