{
  "n_gamma": 1514,
  "n_hadron": 34237,
  "survival_rates": {
    "50%": {
      "threshold": 0.9985710382461548,
      "gamma_efficiency": 0.5,
      "hadron_survival": 0.00014604083301691153,
      "hadron_surviving": 5
    },
    "90%": {
      "threshold": 0.029675159603357315,
      "gamma_efficiency": 0.9002642007926024,
      "hadron_survival": 0.02914975027017554,
      "hadron_surviving": 998
    },
    "95%": {
      "threshold": 0.0007269892375916243,
      "gamma_efficiency": 0.9504623513870541,
      "hadron_survival": 0.36898676870052866,
      "hadron_surviving": 12633
    },
    "99%": {
      "threshold": 1.3088705600239336e-05,
      "gamma_efficiency": 0.9900924702774109,
      "hadron_survival": 0.9002249028828461,
      "hadron_surviving": 30821
    }
  },
  "key_metric": 0.9002249028828461,
  "accuracy_at_0.5": 0.9897065816340802,
  "energy_binned": {
    "14.0-15.0": {
      "threshold": 0.0010117200436070561,
      "gamma_efficiency": 0.9914236706689536,
      "hadron_survival": 0.6772356179988608,
      "hadron_surviving": 3567,
      "n_gamma": 583,
      "n_hadron": 5267
    },
    "15.0-15.5": {
      "threshold": 1.401148438162636e-05,
      "gamma_efficiency": 0.9903381642512077,
      "hadron_survival": 0.9445819433982567,
      "hadron_surviving": 17556,
      "n_gamma": 207,
      "n_hadron": 18586
    },
    "15.5-16.0": {
      "threshold": 2.2741405700799078e-06,
      "gamma_efficiency": 0.9902676399026764,
      "hadron_survival": 0.9041748388904455,
      "hadron_surviving": 6454,
      "n_gamma": 411,
      "n_hadron": 7138
    },
    "16.0-16.5": {
      "threshold": 6.201878477440914e-06,
      "gamma_efficiency": 0.9937888198757764,
      "hadron_survival": 0.7993673746046092,
      "hadron_surviving": 1769,
      "n_gamma": 161,
      "n_hadron": 2213
    },
    "16.5-17.0": {
      "threshold": 0.002527116099372506,
      "gamma_efficiency": 0.9912280701754386,
      "hadron_survival": 0.18497913769123783,
      "hadron_surviving": 133,
      "n_gamma": 114,
      "n_hadron": 719
    },
    "17.0-18.0": {
      "threshold": 0.023577148094773293,
      "gamma_efficiency": 1.0,
      "hadron_survival": 0.06369426751592357,
      "hadron_surviving": 20,
      "n_gamma": 38,
      "n_hadron": 314
    }
  },
  "zenith_binned": {
    "0-10": {
      "threshold": 2.2741405700799078e-06,
      "gamma_efficiency": 0.9905660377358491,
      "hadron_survival": 0.9529305680793507,
      "hadron_surviving": 5284,
      "n_gamma": 212,
      "n_hadron": 5545
    },
    "10-20": {
      "threshold": 1.1882757462444715e-05,
      "gamma_efficiency": 0.9911190053285968,
      "hadron_survival": 0.897980397980398,
      "hadron_surviving": 12094,
      "n_gamma": 563,
      "n_hadron": 13468
    },
    "20-30": {
      "threshold": 5.437014260678552e-05,
      "gamma_efficiency": 0.9905149051490515,
      "hadron_survival": 0.8045078196872125,
      "hadron_surviving": 12243,
      "n_gamma": 738,
      "n_hadron": 15218
    }
  },
  "energy_zenith_grid": {
    "0-10": {
      "14.0-14.5": {
        "threshold": 0.024215716868638992,
        "gamma_efficiency": 1.0,
        "hadron_survival": 0.7073170731707317,
        "hadron_surviving": 29,
        "n_gamma": 62,
        "n_hadron": 41
      },
      "14.5-15.0": {
        "threshold": 0.0010117200436070561,
        "gamma_efficiency": 1.0,
        "hadron_survival": 0.5961272475795297,
        "hadron_surviving": 862,
        "n_gamma": 26,
        "n_hadron": 1446
      },
      "15.0-15.5": {
        "threshold": 1.401148438162636e-05,
        "gamma_efficiency": 1.0,
        "hadron_survival": 0.9121548942273217,
        "hadron_surviving": 2544,
        "n_gamma": 27,
        "n_hadron": 2789
      },
      "15.5-16.0": {
        "threshold": 7.584678201055794e-07,
        "gamma_efficiency": 1.0,
        "hadron_survival": 0.9228028503562945,
        "hadron_surviving": 777,
        "n_gamma": 60,
        "n_hadron": 842
      },
      "16.0-16.5": {
        "threshold": 2.064851514660404e-06,
        "gamma_efficiency": 1.0,
        "hadron_survival": 0.8263888888888888,
        "hadron_surviving": 238,
        "n_gamma": 18,
        "n_hadron": 288
      },
      "16.5-17.0": {
        "threshold": 2.4742123514442937e-06,
        "gamma_efficiency": 1.0,
        "hadron_survival": 0.9270833333333334,
        "hadron_surviving": 89,
        "n_gamma": 15,
        "n_hadron": 96
      },
      "17.0-17.5": {
        "threshold": 0.023577148094773293,
        "gamma_efficiency": 1.0,
        "hadron_survival": 0.0,
        "hadron_surviving": 0,
        "n_gamma": 4,
        "n_hadron": 29
      }
    },
    "10-20": {
      "14.0-14.5": {
        "threshold": 0.19705522060394287,
        "gamma_efficiency": 1.0,
        "hadron_survival": 0.3076923076923077,
        "hadron_surviving": 20,
        "n_gamma": 82,
        "n_hadron": 65
      },
      "14.5-15.0": {
        "threshold": 0.0003043758333660662,
        "gamma_efficiency": 0.9919354838709677,
        "hadron_survival": 0.8586387434554974,
        "hadron_surviving": 2132,
        "n_gamma": 124,
        "n_hadron": 2483
      },
      "15.0-15.5": {
        "threshold": 1.0087688679050189e-05,
        "gamma_efficiency": 1.0,
        "hadron_survival": 0.9491945477075588,
        "hadron_surviving": 6894,
        "n_gamma": 86,
        "n_hadron": 7263
      },
      "15.5-16.0": {
        "threshold": 7.44192220736295e-07,
        "gamma_efficiency": 0.9937888198757764,
        "hadron_survival": 0.9348419820522825,
        "hadron_surviving": 2396,
        "n_gamma": 161,
        "n_hadron": 2563
      },
      "16.0-16.5": {
        "threshold": 6.201878477440914e-06,
        "gamma_efficiency": 1.0,
        "hadron_survival": 0.782608695652174,
        "hadron_surviving": 594,
        "n_gamma": 57,
        "n_hadron": 759
      },
      "16.5-17.0": {
        "threshold": 0.9994184970855713,
        "gamma_efficiency": 1.0,
        "hadron_survival": 0.0,
        "hadron_surviving": 0,
        "n_gamma": 37,
        "n_hadron": 232
      },
      "17.0-17.5": {
        "threshold": 1.0,
        "gamma_efficiency": 1.0,
        "hadron_survival": 0.0,
        "hadron_surviving": 0,
        "n_gamma": 16,
        "n_hadron": 71
      }
    },
    "20-30": {
      "14.0-14.5": {
        "threshold": 0.014999563805758953,
        "gamma_efficiency": 1.0,
        "hadron_survival": 0.8823529411764706,
        "hadron_surviving": 15,
        "n_gamma": 42,
        "n_hadron": 17
      },
      "14.5-15.0": {
        "threshold": 0.0016587525606155396,
        "gamma_efficiency": 0.991869918699187,
        "hadron_survival": 0.71499176276771,
        "hadron_surviving": 868,
        "n_gamma": 246,
        "n_hadron": 1214
      },
      "15.0-15.5": {
        "threshold": 5.328655970515683e-05,
        "gamma_efficiency": 1.0,
        "hadron_survival": 0.8834564427248212,
        "hadron_surviving": 7535,
        "n_gamma": 94,
        "n_hadron": 8529
      },
      "15.5-16.0": {
        "threshold": 2.5838678539003013e-06,
        "gamma_efficiency": 0.9947368421052631,
        "hadron_survival": 0.9204393249397268,
        "hadron_surviving": 3436,
        "n_gamma": 190,
        "n_hadron": 3733
      },
      "16.0-16.5": {
        "threshold": 8.364788300241344e-06,
        "gamma_efficiency": 1.0,
        "hadron_survival": 0.8053173241852487,
        "hadron_surviving": 939,
        "n_gamma": 86,
        "n_hadron": 1166
      },
      "16.5-17.0": {
        "threshold": 0.002527116099372506,
        "gamma_efficiency": 1.0,
        "hadron_survival": 0.21739130434782608,
        "hadron_surviving": 85,
        "n_gamma": 62,
        "n_hadron": 391
      },
      "17.0-17.5": {
        "threshold": 0.9999998807907104,
        "gamma_efficiency": 1.0,
        "hadron_survival": 0.0,
        "hadron_surviving": 0,
        "n_gamma": 18,
        "n_hadron": 128
      }
    }
  }
}