{
  "n_gamma": 1514,
  "n_hadron": 34237,
  "survival_rates": {
    "50%": {
      "threshold": 0.9999666213989258,
      "gamma_efficiency": 0.5006605019815059,
      "hadron_survival": 0.0007009959984811753,
      "hadron_surviving": 24
    },
    "90%": {
      "threshold": 0.5931833386421204,
      "gamma_efficiency": 0.9002642007926024,
      "hadron_survival": 0.05523264304699594,
      "hadron_surviving": 1891
    },
    "95%": {
      "threshold": 0.09500422328710556,
      "gamma_efficiency": 0.9504623513870541,
      "hadron_survival": 0.36822735636884074,
      "hadron_surviving": 12607
    },
    "99%": {
      "threshold": 0.02994898334145546,
      "gamma_efficiency": 0.9900924702774109,
      "hadron_survival": 0.7843853141338318,
      "hadron_surviving": 26855
    }
  },
  "key_metric": 0.0007009959984811753,
  "accuracy_at_0.5": 0.9286453525775503,
  "energy_binned": {
    "14.0-15.0": {
      "threshold": 0.9974042773246765,
      "gamma_efficiency": 0.5008576329331046,
      "hadron_survival": 0.007594456047085627,
      "hadron_surviving": 40,
      "n_gamma": 583,
      "n_hadron": 5267
    },
    "15.0-15.5": {
      "threshold": 0.9985381364822388,
      "gamma_efficiency": 0.5024154589371981,
      "hadron_survival": 0.0004304315075863553,
      "hadron_surviving": 8,
      "n_gamma": 207,
      "n_hadron": 18586
    },
    "15.5-16.0": {
      "threshold": 1.0,
      "gamma_efficiency": 0.635036496350365,
      "hadron_survival": 0.0,
      "hadron_surviving": 0,
      "n_gamma": 411,
      "n_hadron": 7138
    },
    "16.0-16.5": {
      "threshold": 1.0,
      "gamma_efficiency": 0.8695652173913043,
      "hadron_survival": 0.0,
      "hadron_surviving": 0,
      "n_gamma": 161,
      "n_hadron": 2213
    },
    "16.5-17.0": {
      "threshold": 1.0,
      "gamma_efficiency": 0.9649122807017544,
      "hadron_survival": 0.0,
      "hadron_surviving": 0,
      "n_gamma": 114,
      "n_hadron": 719
    },
    "17.0-18.0": {
      "threshold": 1.0,
      "gamma_efficiency": 0.9473684210526315,
      "hadron_survival": 0.01592356687898089,
      "hadron_surviving": 5,
      "n_gamma": 38,
      "n_hadron": 314
    }
  },
  "zenith_binned": {
    "0-10": {
      "threshold": 0.9999591112136841,
      "gamma_efficiency": 0.5,
      "hadron_survival": 0.0005410279531109107,
      "hadron_surviving": 3,
      "n_gamma": 212,
      "n_hadron": 5545
    },
    "10-20": {
      "threshold": 0.9999940395355225,
      "gamma_efficiency": 0.5008880994671403,
      "hadron_survival": 0.0004455004455004455,
      "hadron_surviving": 6,
      "n_gamma": 563,
      "n_hadron": 13468
    },
    "20-30": {
      "threshold": 0.9999171495437622,
      "gamma_efficiency": 0.5,
      "hadron_survival": 0.0008542515442239453,
      "hadron_surviving": 13,
      "n_gamma": 738,
      "n_hadron": 15218
    }
  },
  "energy_zenith_grid": {
    "0-10": {
      "14.0-14.5": {
        "threshold": 0.9978891015052795,
        "gamma_efficiency": 0.5,
        "hadron_survival": 0.0975609756097561,
        "hadron_surviving": 4,
        "n_gamma": 62,
        "n_hadron": 41
      },
      "14.5-15.0": {
        "threshold": 0.9900984168052673,
        "gamma_efficiency": 0.5,
        "hadron_survival": 0.004149377593360996,
        "hadron_surviving": 6,
        "n_gamma": 26,
        "n_hadron": 1446
      },
      "15.0-15.5": {
        "threshold": 0.9999591112136841,
        "gamma_efficiency": 0.5185185185185185,
        "hadron_survival": 0.0007171029042667623,
        "hadron_surviving": 2,
        "n_gamma": 27,
        "n_hadron": 2789
      },
      "15.5-16.0": {
        "threshold": 1.0,
        "gamma_efficiency": 0.7166666666666667,
        "hadron_survival": 0.0,
        "hadron_surviving": 0,
        "n_gamma": 60,
        "n_hadron": 842
      },
      "16.0-16.5": {
        "threshold": 1.0,
        "gamma_efficiency": 0.7777777777777778,
        "hadron_survival": 0.0,
        "hadron_surviving": 0,
        "n_gamma": 18,
        "n_hadron": 288
      },
      "16.5-17.0": {
        "threshold": 1.0,
        "gamma_efficiency": 0.9333333333333333,
        "hadron_survival": 0.0,
        "hadron_surviving": 0,
        "n_gamma": 15,
        "n_hadron": 96
      },
      "17.0-17.5": {
        "threshold": 1.0,
        "gamma_efficiency": 0.5,
        "hadron_survival": 0.0,
        "hadron_surviving": 0,
        "n_gamma": 4,
        "n_hadron": 29
      }
    },
    "10-20": {
      "14.0-14.5": {
        "threshold": 0.9983463287353516,
        "gamma_efficiency": 0.5,
        "hadron_survival": 0.046153846153846156,
        "hadron_surviving": 3,
        "n_gamma": 82,
        "n_hadron": 65
      },
      "14.5-15.0": {
        "threshold": 0.9927271604537964,
        "gamma_efficiency": 0.5,
        "hadron_survival": 0.00724929520741039,
        "hadron_surviving": 18,
        "n_gamma": 124,
        "n_hadron": 2483
      },
      "15.0-15.5": {
        "threshold": 0.9997233748435974,
        "gamma_efficiency": 0.5,
        "hadron_survival": 0.00013768415255404102,
        "hadron_surviving": 1,
        "n_gamma": 86,
        "n_hadron": 7263
      },
      "15.5-16.0": {
        "threshold": 1.0,
        "gamma_efficiency": 0.7142857142857143,
        "hadron_survival": 0.0,
        "hadron_surviving": 0,
        "n_gamma": 161,
        "n_hadron": 2563
      },
      "16.0-16.5": {
        "threshold": 1.0,
        "gamma_efficiency": 0.9298245614035088,
        "hadron_survival": 0.0,
        "hadron_surviving": 0,
        "n_gamma": 57,
        "n_hadron": 759
      },
      "16.5-17.0": {
        "threshold": 1.0,
        "gamma_efficiency": 1.0,
        "hadron_survival": 0.0,
        "hadron_surviving": 0,
        "n_gamma": 37,
        "n_hadron": 232
      },
      "17.0-17.5": {
        "threshold": 1.0,
        "gamma_efficiency": 1.0,
        "hadron_survival": 0.04225352112676056,
        "hadron_surviving": 3,
        "n_gamma": 16,
        "n_hadron": 71
      }
    },
    "20-30": {
      "14.0-14.5": {
        "threshold": 0.9977163076400757,
        "gamma_efficiency": 0.5,
        "hadron_survival": 0.058823529411764705,
        "hadron_surviving": 1,
        "n_gamma": 42,
        "n_hadron": 17
      },
      "14.5-15.0": {
        "threshold": 0.9975095987319946,
        "gamma_efficiency": 0.5,
        "hadron_survival": 0.01070840197693575,
        "hadron_surviving": 13,
        "n_gamma": 246,
        "n_hadron": 1214
      },
      "15.0-15.5": {
        "threshold": 0.9913528561592102,
        "gamma_efficiency": 0.5,
        "hadron_survival": 0.001055223355610271,
        "hadron_surviving": 9,
        "n_gamma": 94,
        "n_hadron": 8529
      },
      "15.5-16.0": {
        "threshold": 1.0,
        "gamma_efficiency": 0.5421052631578948,
        "hadron_survival": 0.0,
        "hadron_surviving": 0,
        "n_gamma": 190,
        "n_hadron": 3733
      },
      "16.0-16.5": {
        "threshold": 1.0,
        "gamma_efficiency": 0.8488372093023255,
        "hadron_survival": 0.0,
        "hadron_surviving": 0,
        "n_gamma": 86,
        "n_hadron": 1166
      },
      "16.5-17.0": {
        "threshold": 1.0,
        "gamma_efficiency": 0.9516129032258065,
        "hadron_survival": 0.0,
        "hadron_surviving": 0,
        "n_gamma": 62,
        "n_hadron": 391
      },
      "17.0-17.5": {
        "threshold": 1.0,
        "gamma_efficiency": 1.0,
        "hadron_survival": 0.015625,
        "hadron_surviving": 2,
        "n_gamma": 18,
        "n_hadron": 128
      }
    }
  }
}