{
  "accuracy": 0.37993060398060946,
  "per_class": {
    "proton": {
      "precision": 0.49743972690420313,
      "recall": 0.7107364955493233,
      "f1": 0.5852599342319954,
      "support": 32804.0
    },
    "helium": {
      "precision": 0.2746892997878145,
      "recall": 0.1685263706018002,
      "f1": 0.20889329429934764,
      "support": 26886.0
    },
    "carbon": {
      "precision": 0.2693769881294127,
      "recall": 0.1573532744164967,
      "f1": 0.1986610974423528,
      "support": 22065.0
    },
    "silicon": {
      "precision": 0.2945819878005023,
      "recall": 0.167687908496732,
      "f1": 0.21371859950540154,
      "support": 19584.0
    },
    "iron": {
      "precision": 0.3358102766798419,
      "recall": 0.6004070556309362,
      "f1": 0.4307180662300002,
      "support": 17688.0
    }
  },
  "macro_f1": 0.32745019834181954,
  "weighted_f1": 0.3444818009051238,
  "confusion_matrix": [
    [
      23315,
      3102,
      1347,
      675,
      4365
    ],
    [
      14401,
      4531,
      2529,
      1428,
      3997
    ],
    [
      6472,
      4381,
      3472,
      2801,
      4939
    ],
    [
      2229,
      3111,
      3256,
      3284,
      7704
    ],
    [
      453,
      1370,
      2285,
      2960,
      10620
    ]
  ],
  "energy_binned": {
    "14.0-15.0": {
      "accuracy": 0.5881371833628688,
      "count": 9593,
      "confusion_matrix": [
        [
          4485,
          155,
          61,
          37,
          43
        ],
        [
          1467,
          188,
          111,
          73,
          87
        ],
        [
          369,
          120,
          114,
          135,
          196
        ],
        [
          152,
          52,
          123,
          141,
          427
        ],
        [
          63,
          20,
          79,
          181,
          714
        ]
      ]
    },
    "15.0-15.5": {
      "accuracy": 0.40840781096963763,
      "count": 65344,
      "confusion_matrix": [
        [
          14490,
          2338,
          957,
          451,
          198
        ],
        [
          9243,
          3319,
          1797,
          937,
          528
        ],
        [
          3902,
          2987,
          2335,
          1739,
          1378
        ],
        [
          1216,
          1931,
          2104,
          2026,
          2919
        ],
        [
          186,
          774,
          1356,
          1716,
          4517
        ]
      ]
    },
    "15.5-16.0": {
      "accuracy": 0.32488555100086774,
      "count": 33421,
      "confusion_matrix": [
        [
          4322,
          601,
          319,
          185,
          1816
        ],
        [
          3666,
          1008,
          612,
          407,
          1281
        ],
        [
          2180,
          1252,
          999,
          899,
          1409
        ],
        [
          850,
          1111,
          1001,
          1081,
          2355
        ],
        [
          202,
          565,
          823,
          1029,
          3448
        ]
      ]
    },
    "16.0-16.5": {
      "accuracy": 0.18238822246455835,
      "count": 7336,
      "confusion_matrix": [
        [
          18,
          8,
          10,
          2,
          1664
        ],
        [
          25,
          16,
          9,
          11,
          1425
        ],
        [
          21,
          22,
          24,
          28,
          1354
        ],
        [
          11,
          17,
          28,
          36,
          1289
        ],
        [
          2,
          11,
          27,
          34,
          1244
        ]
      ]
    },
    "16.5-17.0": {
      "accuracy": 0.20296813618507203,
      "count": 2291,
      "confusion_matrix": [
        [
          0,
          0,
          0,
          0,
          443
        ],
        [
          0,
          0,
          0,
          0,
          465
        ],
        [
          0,
          0,
          0,
          0,
          419
        ],
        [
          0,
          0,
          0,
          0,
          499
        ],
        [
          0,
          0,
          0,
          0,
          465
        ]
      ]
    },
    "17.0-18.0": {
      "accuracy": 0.2219020172910663,
      "count": 1041,
      "confusion_matrix": [
        [
          0,
          0,
          0,
          0,
          201
        ],
        [
          0,
          0,
          0,
          0,
          211
        ],
        [
          0,
          0,
          0,
          0,
          183
        ],
        [
          0,
          0,
          0,
          0,
          215
        ],
        [
          0,
          0,
          0,
          0,
          231
        ]
      ]
    }
  }
}