{
  "accuracy": 0.5074814957950717,
  "per_class": {
    "proton": {
      "precision": 0.6656882888171411,
      "recall": 0.6913791001097427,
      "f1": 0.6782905164937045,
      "support": 32804.0
    },
    "helium": {
      "precision": 0.4060053306679993,
      "recall": 0.36260507327233504,
      "f1": 0.3830798852607175,
      "support": 26886.0
    },
    "carbon": {
      "precision": 0.37585275399478046,
      "recall": 0.37203716292771355,
      "f1": 0.3739352252539516,
      "support": 22065.0
    },
    "silicon": {
      "precision": 0.40274154774691834,
      "recall": 0.40206290849673204,
      "f1": 0.40240194199565604,
      "support": 19584.0
    },
    "iron": {
      "precision": 0.60819311614586,
      "recall": 0.6723202170963365,
      "f1": 0.638650949222631,
      "support": 17688.0
    }
  },
  "macro_f1": 0.49527170364533213,
  "weighted_f1": 0.5039033686919808,
  "confusion_matrix": [
    [
      22680,
      7025,
      2447,
      528,
      124
    ],
    [
      9749,
      9749,
      5264,
      1672,
      452
    ],
    [
      1509,
      5885,
      8209,
      4833,
      1629
    ],
    [
      125,
      1235,
      4894,
      7874,
      5456
    ],
    [
      7,
      118,
      1027,
      4644,
      11892
    ]
  ],
  "mean_fraction_error": 0.10800999000999,
  "fraction_error_details": {
    "mean_fraction_error": 0.10800999000999,
    "per_class_fraction_error": [
      0.08623856143856143,
      0.12789050949050948,
      0.12596103896103894,
      0.12251168831168832,
      0.07744815184815185
    ],
    "n_ensembles": 1001,
    "mixture_size": 5000,
    "grid_step": 0.1
  },
  "energy_binned": {
    "14.0-15.0": {
      "accuracy": 0.606275409152507,
      "count": 9593,
      "confusion_matrix": [
        [
          4383,
          238,
          68,
          50,
          42
        ],
        [
          1317,
          278,
          149,
          85,
          97
        ],
        [
          200,
          213,
          156,
          150,
          215
        ],
        [
          33,
          88,
          132,
          230,
          412
        ],
        [
          3,
          24,
          77,
          184,
          769
        ]
      ],
      "fraction_error": {
        "mean_fraction_error": 0.14860171828171828,
        "per_class_fraction_error": [
          0.17424575424575423,
          0.15605554445554445,
          0.15077862137862139,
          0.13607512487512485,
          0.12585354645354646
        ],
        "n_ensembles": 1001,
        "mixture_size": 5000,
        "grid_step": 0.1
      }
    },
    "15.0-15.5": {
      "accuracy": 0.4828752448579824,
      "count": 65344,
      "confusion_matrix": [
        [
          12418,
          4190,
          1457,
          307,
          62
        ],
        [
          5912,
          5695,
          3008,
          953,
          256
        ],
        [
          1069,
          3583,
          4342,
          2454,
          893
        ],
        [
          87,
          878,
          2812,
          3733,
          2686
        ],
        [
          3,
          83,
          680,
          2418,
          5365
        ]
      ],
      "fraction_error": {
        "mean_fraction_error": 0.11278017982017981,
        "per_class_fraction_error": [
          0.09066333666333666,
          0.13245394605394606,
          0.13161838161838163,
          0.1279102897102897,
          0.08125494505494506
        ],
        "n_ensembles": 1001,
        "mixture_size": 5000,
        "grid_step": 0.1
      }
    },
    "15.5-16.0": {
      "accuracy": 0.5107267885461237,
      "count": 33421,
      "confusion_matrix": [
        [
          4406,
          1949,
          723,
          146,
          19
        ],
        [
          1939,
          2839,
          1579,
          526,
          91
        ],
        [
          208,
          1649,
          2700,
          1738,
          444
        ],
        [
          3,
          232,
          1480,
          2880,
          1803
        ],
        [
          0,
          11,
          234,
          1578,
          4244
        ]
      ],
      "fraction_error": {
        "mean_fraction_error": 0.10511296703296702,
        "per_class_fraction_error": [
          0.08336523476523476,
          0.1234047952047952,
          0.12358741258741257,
          0.12098001998001999,
          0.07422737262737264
        ],
        "n_ensembles": 1001,
        "mixture_size": 5000,
        "grid_step": 0.1
      }
    },
    "16.0-16.5": {
      "accuracy": 0.555752453653217,
      "count": 7336,
      "confusion_matrix": [
        [
          1069,
          463,
          149,
          20,
          1
        ],
        [
          387,
          656,
          358,
          77,
          8
        ],
        [
          23,
          306,
          709,
          359,
          52
        ],
        [
          0,
          30,
          327,
          661,
          363
        ],
        [
          0,
          0,
          25,
          311,
          982
        ]
      ],
      "fraction_error": {
        "mean_fraction_error": 0.09689278721278721,
        "per_class_fraction_error": [
          0.07878021978021979,
          0.11568531468531468,
          0.11317622377622377,
          0.11243856143856144,
          0.0643836163836164
        ],
        "n_ensembles": 1001,
        "mixture_size": 5000,
        "grid_step": 0.1
      }
    },
    "16.5-17.0": {
      "accuracy": 0.565691837625491,
      "count": 2291,
      "confusion_matrix": [
        [
          275,
          129,
          35,
          4,
          0
        ],
        [
          125,
          198,
          125,
          17,
          0
        ],
        [
          6,
          97,
          202,
          98,
          16
        ],
        [
          0,
          1,
          98,
          263,
          137
        ],
        [
          0,
          0,
          7,
          100,
          358
        ]
      ],
      "fraction_error": {
        "mean_fraction_error": 0.09593782217782218,
        "per_class_fraction_error": [
          0.08073406593406593,
          0.12073026973026973,
          0.1122061938061938,
          0.10258061938061938,
          0.06343796203796204
        ],
        "n_ensembles": 1001,
        "mixture_size": 5000,
        "grid_step": 0.1
      }
    },
    "17.0-18.0": {
      "accuracy": 0.5696445725264169,
      "count": 1041,
      "confusion_matrix": [
        [
          129,
          56,
          15,
          1,
          0
        ],
        [
          69,
          83,
          45,
          14,
          0
        ],
        [
          3,
          37,
          100,
          34,
          9
        ],
        [
          2,
          6,
          45,
          107,
          55
        ],
        [
          1,
          0,
          3,
          53,
          174
        ]
      ],
      "fraction_error": {
        "mean_fraction_error": 0.09483004995004995,
        "per_class_fraction_error": [
          0.08391788211788212,
          0.1224087912087912,
          0.10021738261738261,
          0.10439100899100898,
          0.06321518481518482
        ],
        "n_ensembles": 1001,
        "mixture_size": 5000,
        "grid_step": 0.1
      }
    }
  }
}