{
  "accuracy": 0.5031295420366807,
  "per_class": {
    "proton": {
      "precision": 0.6507434531735464,
      "recall": 0.7150957200341421,
      "f1": 0.6814035903096497,
      "support": 32804.0
    },
    "helium": {
      "precision": 0.3985771152706022,
      "recall": 0.3500706687495351,
      "f1": 0.37275247524752475,
      "support": 26886.0
    },
    "carbon": {
      "precision": 0.36987858669455687,
      "recall": 0.3686381146612282,
      "f1": 0.3692573088796078,
      "support": 22065.0
    },
    "silicon": {
      "precision": 0.39892665474060823,
      "recall": 0.3871527777777778,
      "f1": 0.39295154185022024,
      "support": 19584.0
    },
    "iron": {
      "precision": 0.6152003484320557,
      "recall": 0.6388511985526911,
      "f1": 0.6268027512757932,
      "support": 17688.0
    }
  },
  "macro_f1": 0.4886335335125592,
  "weighted_f1": 0.4982457678225293,
  "confusion_matrix": [
    [
      23458,
      6458,
      2310,
      462,
      116
    ],
    [
      10566,
      9412,
      5015,
      1490,
      403
    ],
    [
      1840,
      6120,
      8134,
      4497,
      1474
    ],
    [
      169,
      1474,
      5284,
      7582,
      5075
    ],
    [
      15,
      150,
      1248,
      4975,
      11300
    ]
  ],
  "mean_fraction_error": 0.11025422577422578,
  "fraction_error_details": {
    "mean_fraction_error": 0.11025422577422578,
    "per_class_fraction_error": [
      0.09031628371628371,
      0.12970129870129868,
      0.1278321678321678,
      0.12475344655344654,
      0.07866793206793207
    ],
    "n_ensembles": 1001,
    "mixture_size": 5000,
    "grid_step": 0.1
  },
  "energy_binned": {
    "14.0-15.0": {
      "accuracy": 0.6049202543521318,
      "count": 9593,
      "confusion_matrix": [
        [
          4451,
          203,
          41,
          44,
          42
        ],
        [
          1395,
          259,
          88,
          84,
          100
        ],
        [
          258,
          214,
          107,
          141,
          214
        ],
        [
          50,
          108,
          105,
          205,
          427
        ],
        [
          6,
          41,
          58,
          171,
          781
        ]
      ],
      "fraction_error": {
        "mean_fraction_error": 0.15840807192807194,
        "per_class_fraction_error": [
          0.2005128871128871,
          0.15777722277722278,
          0.1643838161838162,
          0.140406993006993,
          0.12895944055944056
        ],
        "n_ensembles": 1001,
        "mixture_size": 5000,
        "grid_step": 0.1
      }
    },
    "15.0-15.5": {
      "accuracy": 0.47981452007835457,
      "count": 65344,
      "confusion_matrix": [
        [
          12909,
          3869,
          1352,
          252,
          52
        ],
        [
          6356,
          5568,
          2891,
          813,
          196
        ],
        [
          1253,
          3764,
          4355,
          2255,
          714
        ],
        [
          104,
          1064,
          3092,
          3621,
          2315
        ],
        [
          3,
          102,
          877,
          2667,
          4900
        ]
      ],
      "fraction_error": {
        "mean_fraction_error": 0.11564323676323676,
        "per_class_fraction_error": [
          0.09424275724275723,
          0.13413386613386613,
          0.13446073926073926,
          0.1303966033966034,
          0.08498221778221779
        ],
        "n_ensembles": 1001,
        "mixture_size": 5000,
        "grid_step": 0.1
      }
    },
    "15.5-16.0": {
      "accuracy": 0.5065976481852728,
      "count": 33421,
      "confusion_matrix": [
        [
          4454,
          1869,
          754,
          145,
          21
        ],
        [
          2025,
          2740,
          1609,
          502,
          98
        ],
        [
          234,
          1595,
          2768,
          1664,
          478
        ],
        [
          4,
          239,
          1559,
          2737,
          1859
        ],
        [
          0,
          7,
          264,
          1564,
          4232
        ]
      ],
      "fraction_error": {
        "mean_fraction_error": 0.10599096903096902,
        "per_class_fraction_error": [
          0.08377962037962038,
          0.12376783216783216,
          0.12431628371628373,
          0.12202237762237762,
          0.07606873126873127
        ],
        "n_ensembles": 1001,
        "mixture_size": 5000,
        "grid_step": 0.1
      }
    },
    "16.0-16.5": {
      "accuracy": 0.5456652126499455,
      "count": 7336,
      "confusion_matrix": [
        [
          1144,
          406,
          134,
          17,
          1
        ],
        [
          473,
          638,
          298,
          68,
          9
        ],
        [
          40,
          377,
          664,
          318,
          50
        ],
        [
          1,
          42,
          373,
          636,
          329
        ],
        [
          0,
          0,
          33,
          364,
          921
        ]
      ],
      "fraction_error": {
        "mean_fraction_error": 0.09927904095904097,
        "per_class_fraction_error": [
          0.07931508491508492,
          0.11875204795204795,
          0.11587672327672327,
          0.11551468531468531,
          0.06693666333666334
        ],
        "n_ensembles": 1001,
        "mixture_size": 5000,
        "grid_step": 0.1
      }
    },
    "16.5-17.0": {
      "accuracy": 0.5460497599301615,
      "count": 2291,
      "confusion_matrix": [
        [
          326,
          91,
          23,
          3,
          0
        ],
        [
          186,
          164,
          103,
          12,
          0
        ],
        [
          22,
          118,
          178,
          92,
          9
        ],
        [
          0,
          8,
          121,
          269,
          101
        ],
        [
          0,
          0,
          13,
          138,
          314
        ]
      ],
      "fraction_error": {
        "mean_fraction_error": 0.10143120879120879,
        "per_class_fraction_error": [
          0.08645714285714286,
          0.12834245754245754,
          0.11783676323676323,
          0.10793646353646354,
          0.06658321678321678
        ],
        "n_ensembles": 1001,
        "mixture_size": 5000,
        "grid_step": 0.1
      }
    },
    "17.0-18.0": {
      "accuracy": 0.5235350624399616,
      "count": 1041,
      "confusion_matrix": [
        [
          174,
          20,
          6,
          1,
          0
        ],
        [
          131,
          43,
          26,
          11,
          0
        ],
        [
          33,
          52,
          62,
          27,
          9
        ],
        [
          10,
          13,
          34,
          114,
          44
        ],
        [
          5,
          0,
          3,
          71,
          152
        ]
      ],
      "fraction_error": {
        "mean_fraction_error": 0.11961598401598401,
        "per_class_fraction_error": [
          0.15463516483516482,
          0.14846053946053944,
          0.12069130869130867,
          0.10455544455544455,
          0.06973746253746253
        ],
        "n_ensembles": 1001,
        "mixture_size": 5000,
        "grid_step": 0.1
      }
    }
  }
}